MinTemp,CRR,MAT,Elevation,LAT,LONG,DENSITY,PLTYSIZE,AREA,SOCIETY,SUB,SUB2,SAGOID,PROTEIN,MATNPP,CRRNPP,NPP
22.3999996185303,2930,26.8291664123535,64,-3.959,141.126,2.2,32.5,14.7727272727273,ABAU(GREEN R.),S-FH,SAGO-FISH,SG,FISHING,2602.03008285291,2571.26133206856,2571.26133206856
22.3999996185303,3084,26.8166656494141,69,-4.147,141.26,4.8,52,10.8333333333333,ABAU(IDAM),S-FH,SAGO-FISH,SG,FISHING,2601.51632071926,2612.93541413316,2601.51632071926
20.5,1838,26.0041675567627,201,-3.632,143.055,61.5,326,5.30081300813008,ABELAM(CENT),HL,HORT,AG,LIVESTOCK,2566.90384037948,2114.69203489064,2114.69203489064
20.7999992370605,1869,26.4791660308838,151,-3.706,143.179,17.7,247,13.954802259887,ABELAM(EAST),HL,HORT,AG,LIVESTOCK,2587.43222819895,2132.72894135294,2132.72894135294
21,1936,26.6000003814697,107,-3.754,142.993,64.6,246,3.80804953560372,ABELAM(NWOS),AL,AGG,AG,LIVESTOCK,2592.52219818096,2170.46643939373,2170.46643939373
21.2999992370605,2076,26.7958335876465,63,-3.861,142.963,3.5,203.3,58.0857142857143,ABELAM(SWOSERA),HL,HORT,AG,LIVESTOCK,2600.65890721778,2244.1041760698,2244.1041760698
21.1000003814697,5403,26.6208324432373,80,-5.76,141.53,1.6,28.5,17.8125,AEKYOM,SH-H,HORT,AG,HUNTING,2593.39435037201,2917.0053981566,2593.39435037201
21.7000007629395,2543,25.9291667938232,187,-3.571,141.787,0.5,87,174,AK,SH,SAGO,SG,HUNTING,2563.58594183231,2445.63929460437,2445.63929460437
20.7000007629395,3083,26.3374996185303,60,-4.669,143.316,1.6,17,10.625,ALAMBLAK,SH,SAGO,SG,HUNTING,2581.39679364411,2612.67831790164,2581.39679364411
20.7784848051771,2302.71278333333,25.678218877093,242.843333333333,-3.126,142.469,13.8,251.889545,26.0913933906956,ALI (ISLAND),SF,SAGO-FISH,SG,FISHING,2552.330934559,2349.74390375533,2349.74390375533
22.3999996185303,3143,26.8541660308838,47,-4.205,141.656,3.3,14,4.24242424242424,AMA,SH,SAGO,SG,HUNTING,2603.05584572522,2627.80587198853,2603.05584572522
20.7999992370605,2445,25.1083335876465,351,-3.526,141.178,5.2,85,16.3461538461538,AMANAB,SH-H,HORT,AG,HUNTING,2525.88293615437,2408.3663743855,2408.3663743855
21.7000007629395,3075,25.966667175293,267,-4.107,141.332,3.3,121.593978333335,46.9422652012709,AMTO,SH,SAGO,SG,HUNTING,2565.24751982578,2610.61539084292,2565.24751982578
10.3000001907349,2946,16.6958332061768,2014,-6.241,143.583,32.7,229.432539999991,7.60286982827495,ANGANEN,AL,AGG,AG,LIVESTOCK,1985.7210633871,2575.79214140177,1985.7210633871
21.7999992370605,2677,26.0083332061768,205,-3.699,141.2,5.3,86,16.2264150943396,ANGGOR,SH-H,HORT,AG,HUNTING,2567.08750512042,2492.83339065263,2492.83339065263
12.1000003814697,2350,18.3125,1853,-7.199,145.769,1.1,29.3,26.6363636363636,ANKAVE,HH,HORT,AG,HUNTING,2110.60439997429,2369.84389925721,2110.60439997429
20.2999992370605,3139,26.1124992370605,106,-4.763,143.687,2,107,53.5,ARAFUNDI(LOW,SH,SAGO,SG,HUNTING,2571.65919153132,2626.81601043029,2571.65919153132
20.7000007629395,1896,25.9916667938232,193,-3.644,142.876,24,165.3,6.8875,ARAPESH(BUMB),SH-H,HORT,AG,HUNTING,2566.35228909813,2148.13882990846,2148.13882990846
20.7999992370605,1890,26.2708339691162,140,-3.682,142.939,44.2,503,11.3800904977376,ARAPESH(ILAH,HL,HORT,AG,LIVESTOCK,2578.5311211,2144.73824554066,2144.73824554066
20.1000003814697,1843,25.591667175293,285,-3.646,143.194,43.4,191.2,4.40552995391705,ARAPESH(KAB),HL,HORT,AG,LIVESTOCK,2548.39395255343,2117.62638362061,2117.62638362061
19.8999996185303,1863,25.1499996185303,322,-3.481,143.115,10.9,225,20.6422018348624,ARAPESH(MOUNTAIN),H-HL,HORT,AG,LIVESTOCK,2527.85885916584,2129.26684153173,2129.26684153173
14.1999998092651,3646,19.3291664123535,1592,-4.955,141.979,0.4,48,120,ASABANO,HH,HORT,AG,HUNTING,2184.39903288507,2733.486854818,2184.39903288507
21.9074598793507,2869.07848,26.8733403586706,8,-6.837,138.967,3,511,170.333333333333,ASMAT (KAWENA,SF,SAGO-FISH,SG,FISHING,2603.84107115726,2553.56248035003,2553.56248035003
21.7999992370605,4057,26.8791675567627,17,-5.167,138.219,2.9,789,272.068965517241,ASMAT (KEENOK),SF,SAGO-FISH,SG,FISHING,2604.07944500004,2797.13929370062,2604.07944500004
17.7000007629395,3902,22.5208339691162,960,-4.856,141.217,2.6,24,9.23076923076923,ATBALMIN,HH,HORT,AG,HUNTING,2389.70329014297,2775.1486386565,2389.70329014297
20.7000007629395,2469,25.0541667938232,314,-3.529,142.109,26.9,202,7.5092936802974,AU,SH-H,HORT,AG,HUNTING,2523.30415507046,2417.71992083682,2417.71992083682
22.1000003814697,2575,27,12,-7.148,139.543,1.6,144.983913333337,193.551676125303,AUWYU(SOUTH),SH-H,HORT,AG,HUNTING,2608.99499283718,2457.29409182039,2457.29409182039
11.5,2101,17.8291664123535,1792,-6.527,145.761,16.5,177,10.7272727272727,AUYANA,HL,HORT,AG,LIVESTOCK,2074.19885775194,2256.54847331864,2074.19885775194
14.5,2134,21.158332824707,1450,-6.643,145.716,5.9,163,27.6271186440678,AWA(ILAKIA),HL,HORT,AG,LIVESTOCK,2307.08971099868,2272.66180084469,2272.66180084469
13.6000003814697,2089,20.1083335876465,1374,-6.606,145.723,9.1,263,28.9010989010989,AWA(TAUNA),HL,HORT,AG,LIVESTOCK,2238.2843977591,2250.60098824013,2238.2843977591
22,2658,26.4833335876465,88,-3.802,142.001,1.2,187,155.833333333333,AWUN,SH,SAGO,SG,HUNTING,2587.60866673252,2486.39444524498,2486.39444524498
21.1000003814697,3025,26.5791664123535,70,-4.501,142.835,0.2,40,200,BAHINEMO,SH,SAGO,SG,HUNTING,2591.64838975249,2597.47082944938,2591.64838975249
16.7000007629395,4174,21.841667175293,1113,-5.437,141.886,4.4,212,48.1818181818182,BAKTAMAN,HH,HORT,AG,HUNTING,2349.47038685461,2812.30251064756,2349.47038685461
7.09999990463257,2468,13.2416667938232,2627,-6.9,145.816,10.5,198,18.8571428571429,BARUYA,HL,HORT,AG,LIVESTOCK,1694.46810452047,2417.33315847337,1694.46810452047
19.7000007629395,4239,25.2749996185303,293,-6.059,142.502,11.5,60,5.21739130434783,BEDAMINI,HH,HORT,AG,HUNTING,2533.74654561021,2820.2312023711,2533.74654561021
12.6999998092651,1960,19.1749992370605,1619,-6.093,145.532,18.9,175,9.25925925925926,BENA BENA,AL,AGG,AG,LIVESTOCK,2173.45854810195,2183.58111096772,2173.45854810195
20.7999992370605,2731,25.375,378,-2.268,138.951,0.6,90,150,BERIK,SH,SAGO,SG,HUNTING,2538.41346488817,2510.69619843975,2510.69619843975
21.8999996185303,2714,26.220832824707,183,-3.741,141.282,2,90,45,BIAKA,SH-H,HORT,AG,HUNTING,2576.37102901114,2505.14164621445,2505.14164621445
21.7000007629395,2428,26.7416667938232,43,-7.36,140.565,0.7,280,400,BIAN,S-FH,SAGO-FISH,SG,FISHING,2598.42218009758,2401.65017912758,2401.65017912758
13.8000001907349,4010,19.0041675567627,1674,-5.381,142.04,4,147.835251666667,29.8240354748304,BIMIN-KUSKUS,AH,AGG,AG,HUNTING,2161.22981220444,2790.70859405865,2161.22981220444
22.5,1839,26.5583324432373,26,-9.07,142.873,0.8,93.2,116.5,BINE,SH,SAGO,SG,HUNTING,2590.77300328229,2115.27968425829,2115.27968425829
16,2281,21.8333339691162,925,-6.217,146.098,7.2,110,15.2777777777778,BINUMARIEN,HL,HORT,AG,LIVESTOCK,2348.96503157336,2340.30106777542,2340.30106777542
21.1000003814697,2898,26.6791667938232,40,-4.472,143.062,1.3,110,84.6153846153846,BISIS,S-FH,SAGO-FISH,SG,FISHING,2595.82819533515,2562.05402078247,2562.05402078247
21.7999992370605,3097,26.7875003814697,46,-4.441,142.461,0.3,53,176.666666666667,BITARA,SH,SAGO,SG,HUNTING,2600.31548907841,2616.26217667444,2600.31548907841
20.7000007629395,2593,26.5249996185303,23,-4.403,143.874,14.2,263,18.5211267605634,BIWAT,S-HF,SAGO-FISH,SG,FISHING,2589.3691630149,2463.74190395383,2463.74190395383
22.1000003814697,2664,27.0125007629395,9,-7.239,141.085,0.2,154.3,771.5,BOAZI,SH-FH,HORT,AG,FISHING,2609.50056011062,2488.43657914329,2488.43657914329
20.6000003814697,1855,26.1708335876465,189,-3.733,143.411,15.4,265.3,17.2272727272727,BOIKEN(CENTRAL),H-HL,HORT,AG,LIVESTOCK,2574.20177719481,2124.62920032405,2124.62920032405
21.1000003814697,2001,26.9583339691162,71,-3.842,143.32,2.6,185,71.1538461538462,BOIKEN(KUNAI),SH,SAGO,SG,HUNTING,2607.30587768575,2205.50748282519,2205.50748282519
20.2999992370605,1825,25.841667175293,231,-3.656,143.296,73.3,163,2.2237380627558,BOIKEN(NYANG,HL,HORT,AG,LIVESTOCK,2559.68849040251,2107.01697864963,2107.01697864963
22.2000007629395,2671,26.7958335876465,75,-2.299,138.914,0.4,45,112.5,BONERIF,SH,SAGO,SG,HUNTING,2600.65890721778,2490.80880859142,2490.80880859142
21.6000003814697,2611,25.8291664123535,220,-3.678,141.925,1.4,85.4,61,BOUYE,S-HF,SAGO-FISH,SG,FISHING,2559.12932851231,2470.11311054331,2470.11311054331
20.6000003814697,2790,26.3708324432373,37,-4.529,143.896,1,142,142,BUN,SH-FH,HORT,AG,FISHING,2582.82349821192,2529.49453811032,2529.49453811032
21.5,2551,27.0458335876465,4,-4.253,143.097,3.7,220,59.4594594594595,CHAMBRI,SF,SAGO-FISH,SG,FISHING,2610.84591985925,2448.5762512086,2448.5762512086
7.09999990463257,2316,13.3583335876465,2576,-5.922,144.976,81.2,415,5.11083743842365,CHIMBU (CENT,AL,AGG,AG,LIVESTOCK,1704.69623394731,2355.45569214988,1704.69623394731
10.6000003814697,2212,17.1041660308838,1995,-5.9,145.052,61.3,459,7.48776508972268,CHIMBU (UPPE,AL,AGG,AG,LIVESTOCK,2018.08247895624,2309.37321615191,2018.08247895624
10.6000003814697,2238,16.9166660308838,2055,-6.165,145.139,71.4,211,2.95518207282913,CHUAVE,AL,AGG,AG,LIVESTOCK,2003.28800642529,2321.19386749613,2003.28800642529
14.1000003814697,2066,20.3583335876465,1661,-4.096,138.946,38.2,340,8.90052356020942,DANI (DUGUM),AL,AGG,AG,LIVESTOCK,2255.06756843126,2239.0683272833,2239.0683272833
9.10000038146973,3018,15.279167175293,2277,-3.992,137.642,12.1,217,17.9338842975207,DANI (ILAGA),HL,HORT,AG,LIVESTOCK,1869.64786238331,2595.59551901938,1869.64786238331
5.59999990463257,3155,11.1833333969116,3109,-3.776,138.222,49.1,155,3.15682281059063,DANI (WEST),HL,HORT,AG,LIVESTOCK,1511.86225837974,2630.75973099811,1511.86225837974
13.3000001907349,2543,18.9833335876465,1500,-3.671,138.647,26.1,200,7.66283524904215,DANI(BOKONDINI),AL,AGG,AG,LIVESTOCK,2159.73089094015,2445.63929460437,2159.73089094015
14.3999996185303,3421,20.8791656494141,1089,-6.489,144.512,15.1,70,4.63576158940397,DARIBI,HH,HORT,AG,HUNTING,2289.22935253836,2690.54163252447,2289.22935253836
13,3552,18.4624996185303,1717,-5.438,142.431,6.8,252,37.0588235294118,DUNA(HORAILE),HL,HORT,AG,LIVESTOCK,2121.73276127691,2716.32206367248,2121.73276127691
18.2000007629395,3910,23.908332824707,525,-5.296,142.311,11.5,245,21.304347826087,DUNA(YAKONA),AL,AGG,AG,LIVESTOCK,2466.05915066967,2776.33988234358,2466.05915066967
21.8999996185303,3166,26.6666660308838,70,-3.202,137.972,1.8,68.8364043333342,56.9797424636548,DUVLI,S-FH,SAGO-FISH,SG,FISHING,2595.30767205671,2633.44683666694,2595.30767205671
21.8999996185303,3332,26.4750003814697,103,-3.129,137.396,0.7,30,42.8571428571429,EDOPI,SH,SAGO,SG,HUNTING,2587.25580701184,2671.70271071506,2587.25580701184
13.8999996185303,3651,19.1499996185303,1524,-5.044,141.676,7,126,18,ELIPTAMIN,HH,HORT,AG,HUNTING,2171.67590294756,2734.37021127689,2171.67590294756
14.3000001907349,3284,20.3999996185303,1298,-5.521,144.119,70.1,330,4.70756062767475,ENGA (KYAKA),AL,AGG,AG,LIVESTOCK,2257.84051662193,2661.0706875977,2257.84051662193
9,2663,15.3000001907349,2247,-5.456,143.691,111.7,350,3.13339301700985,ENGA (MAE),AL,AGG,AG,LIVESTOCK,1871.39375912487,2488.09678823375,1871.39375912487
14.3000001907349,3432,20.4208335876465,1228,-5.556,144.155,43.8,225,5.13698630136986,ENGA(RAIAPU LAI),AL,AGG,AG,LIVESTOCK,2259.22445290212,2692.7936819441,2259.22445290212
12.5,2624,18.5,1673,-5.57,144.101,28.4,350,12.3239436619718,ENGA(RAIAPU SAKA,AL,AGG,AG,LIVESTOCK,2124.50210314428,2474.66740953973,2124.50210314428
14,2847,19.9291667938232,1342,-5.35,143.983,13.7,219.5,16.021897810219,ENGA(TOMBEMA),HL,HORT,AG,LIVESTOCK,2226.10405442954,2546.96944766801,2226.10405442954
6.90000009536743,2751,13.216667175293,2654,-5.623,143.314,17.8,449,25.2247191011236,ENGA(YUMBISA),AL,AGG,AG,LIVESTOCK,1692.27396918048,2517.15119686908,1692.27396918048
16.7000007629395,4041,22.0125007629395,944,-6.103,142.652,1,36,36,ETORO,SH-H,HORT,AG,HUNTING,2359.76780528499,2794.97261252579,2359.76780528499
14.6999998092651,4386,19.9125003814697,1319,-5.29,141.502,4.9,220,44.8979591836735,FAIWOLMIN,HH,HORT,AG,HUNTING,2224.96458089508,2836.94891320048,2224.96458089508
18,4327,24.0499992370605,483,-6.538,143.194,1.1,37,33.6363636363636,FASU (VALLEY),SH,SAGO,SG,HUNTING,2473.41830192383,2830.43445170835,2473.41830192383
14.1999998092651,3772,19.7416667938232,1410,-5.207,141.69,3.1,211,68.0645161290323,FERAMIN,H-HL,HORT,AG,LIVESTOCK,2213.22189662051,2754.87713671253,2213.22189662051
16.2999992370605,3724,22.5208339691162,793,-6.467,143.495,10,121,12.1,FOI(MUBU),SF,SAGO-FISH,SG,FISHING,2389.70329014297,2746.93874661877,2389.70329014297
11.1999998092651,2212,17.6916675567627,1883,-6.512,145.596,29.4,256,8.70748299319728,FORE (NORTH),HL,HORT,AG,LIVESTOCK,2063.69266390402,2309.37321615191,2063.69266390402
11.5,2210,17.966667175293,1828,-6.656,145.544,19.9,152,7.63819095477387,FORE (SOUTH),HH,HORT,AG,HUNTING,2084.63959732317,2308.45545452411,2084.63959732317
15.6000003814697,3036,21.154167175293,952,-4.919,143.222,0.4,14,35,GADIO,HH,HORT,AG,HUNTING,2306.8255261974,2600.40019145797,2306.8255261974
12.3999996185303,2093,18.9291667938232,1591,-6.357,145.946,33.2,269,8.10240963855422,GADSUP(AKUNA),HL,HORT,AG,LIVESTOCK,2155.82615723097,2252.58875109776,2155.82615723097
14.1999998092651,2120,20.5416660308838,1316,-6.302,146.011,9,159,17.6666666666667,GADSUP(ARONA),HH,HORT,AG,HUNTING,2267.21672583494,2265.86894064852,2265.86894064852
13,1984,19.4874992370605,1631,-6.044,145.383,28.6,264.772555,10.7505049014217,GAHUKU GAMA,HL,HORT,AG,LIVESTOCK,2195.54020321176,2196.4884436001,2195.54020321176
16.3999996185303,3563,22.1166667938232,834,-5.274,144.762,19.5,82.1,4.21025641025641,GAINJ,H-HL,HORT,AG,LIVESTOCK,2365.98812875236,2718.38649882439,2365.98812875236
21.1000003814697,4207,26.5041656494141,116,-6.316,142.232,1.8,42,23.3333333333333,GEBUSI,HH,HORT,AG,HUNTING,2588.48966636317,2816.3706052216,2588.48966636317
14.6999998092651,2874,20.4208335876465,1234,-5.686,145.174,30.3,447,14.7524752475248,GENDE,H-HL,HORT,AG,LIVESTOCK,2259.22445290212,2555.01900755367,2259.22445290212
10.1999998092651,2404,16.5499992370605,2041,-6.497,145.214,18.3,118,6.44808743169399,GIMI,AL,AGG,AG,LIVESTOCK,1974.03761327565,2392.03849388546,1974.03761327565
20.8999996185303,2437,25.3624992370605,279,-3.585,142.201,13.4,270,20.1492537313433,GNAU,SH-H,HORT,AG,HUNTING,2537.83216355212,2405.21525460177,2405.21525460177
21.3999996185303,2546,26.3875007629395,44,-8.107,142.869,3.9,270,69.2307692307692,GOGODALA (W),SH-F,HORT,AG,FISHING,2583.53540172574,2446.74248199008,2446.74248199008
21.7999992370605,1577,26.9249992370605,10,-8.806,141.248,0.3,58,193.333333333333,GUNTAI,HH,HORT,AG,HUNTING,2605.95004894832,1947.16735524092,1947.16735524092
12.1000003814697,2155,18.5791664123535,1694,-5.965,145.267,40.9,238,5.81907090464548,GURURUMBA,AL,AGG,AG,LIVESTOCK,2130.33151681448,2282.73342216067,2130.33151681448
15.1999998092651,2102,21.375,1135,-7.265,146.461,1.9,86.3,45.421052631579,HAMTAI,HH,HORT,AG,HUNTING,2320.73347952008,2257.04196127623,2257.04196127623
17.1000003814697,3629,22.341667175293,848,-5.221,142.436,1.9,18,9.47368421052632,HEWA,HH,HORT,AG,HUNTING,2379.27275768885,2730.46141095486,2379.27275768885
12.1000003814697,2960,17.9791660308838,1817,-5.935,142.96,58.5,500,8.54700854700855,HULI (TOANDA,AL,AGG,AG,LIVESTOCK,2085.58538383503,2579.71730522759,2085.58538383503
21.2000007629395,2400,26.9583339691162,7,-4.194,143.599,3.3,866,262.424242424242,IATMUL(EAST),SF,SAGO-FISH,SG,FISHING,2607.30587768575,2390.4216018431,2390.4216018431
21.2999992370605,2505,27.0625,15,-4.228,143.352,6.7,314,46.865671641791,IATMUL(NYAUR,S-HF,SAGO-FISH,SG,FISHING,2611.51711947191,2431.47370373153,2431.47370373153
21.3999996185303,2455,27.0666656494141,13,-4.186,143.243,4.6,337,73.2608695652174,IATMUL(PALIM,S-HF,SAGO-FISH,SG,FISHING,2611.68472696084,2412.28180803405,2412.28180803405
22,3261,26.6083335876465,82,-3.183,137.681,0.8,55.9443229761908,62.8221682529731,IAU,S-FH,SAGO-FISH,SG,FISHING,2592.87126408213,2655.85483224303,2592.87126408213
9,2939,15.5583333969116,2174,-6.136,144.029,23,124,5.39130434782609,IMBONGGU,AL,AGG,AG,LIVESTOCK,1892.95281876295,2573.81583389435,1892.95281876295
22.3999996185303,3171,26.9333324432373,34,-4.25,141.814,2,79,39.5,IWAM (MAY),SF,SAGO-FISH,SG,FISHING,2606.28935876607,2634.66177525519,2606.28935876607
22.2999992370605,3087,26.9916667938232,25,-4.306,142.117,1.4,328,234.285714285714,IWAM (SEPIK),SF,SAGO-FISH,SG,FISHING,2608.65766467898,2613.70567934935,2608.65766467898
22.1000003814697,3230,26.9833335876465,30,-6.605,139.256,4.3,82,19.0697674418605,JAQAI,SF,SAGO-FISH,SG,FISHING,2608.32008919065,2648.69753794802,2608.32008919065
13.3999996185303,3004,19.9916667938232,1329,-5.991,144.183,12.4,288,23.2258064516129,KAIMBI,HL,HORT,AG,LIVESTOCK,2230.3674013387,2591.81864726262,2230.3674013387
10.3999996185303,2466,16.2916660308838,2175,-5.265,144.584,48.8,44,0.901639344262295,KALAM,HL,HORT,AG,LIVESTOCK,1953.18439012992,2416.55886288934,1953.18439012992
21.8999996185303,2653,26.4874992370605,80,-3.941,142.219,1.1,391,355.454545454545,KALOU,SH,SAGO,SG,HUNTING,2587.78496112527,2484.68644108515,2484.68644108515
17.7999992370605,4097,23.2000007629395,769,-6.475,142.79,3,60,20,KALULI,SH-H,HORT,AG,HUNTING,2428.0536665505,2802.45635097378,2428.0536665505
12.6999998092651,1910,19.3541660308838,1552,-6.243,145.678,17.1,207,12.1052631578947,KAMANO(KAFE),HL,HORT,AG,LIVESTOCK,2186.16455770271,2156.02103807997,2156.02103807997
10.6999998092651,2115,17.1499996185303,1894,-6.37,145.738,18.4,218,11.8478260869565,KAMANO(SOUTH),HL,HORT,AG,LIVESTOCK,2021.68174154849,2263.42757510715,2021.68174154849
20.7000007629395,2485,26.6166667938232,18,-4.327,144.087,4.6,300,65.2173913043478,KAMBOT,SF,SAGO-FISH,SG,FISHING,2593.22007787487,2423.87331966586,2423.87331966586
20.8999996185303,3112,26.0208339691162,180,-4.389,135.893,2.1,501,238.571428571429,KAMORO,SF,SAGO-FISH,SG,FISHING,2567.63827883082,2620.0652347266,2567.63827883082
20.7999992370605,3599,26.0666675567627,106,-7.287,142.64,0.2,43,215,KAMULA,SH-FH,HORT,AG,HUNTING,2569.65268665496,2725.03836807768,2569.65268665496
21.1000003814697,2875,26.720832824707,28,-4.491,143.184,2.3,150,65.2173913043478,KANINGARA,SF,SAGO-FISH,SG,FISHING,2597.55905977383,2555.31437685919,2555.31437685919
13.3999996185303,3327,19.1916675567627,1587,-4.054,136.083,41,176,4.29268292682927,KAPAUKU,AL,AGG,AG,LIVESTOCK,2174.6457922816,2670.61095239865,2174.6457922816
21.1000003814697,2911,26.6666660308838,34,-4.529,143.243,2.3,190,82.6086956521739,KAPRIMAN,SF,SAGO-FISH,SG,FISHING,2595.30767205671,2565.81810133121,2565.81810133121
20.7999992370605,2803,26.6124992370605,25,-4.492,143.595,1.2,80,66.6666666666667,KARAWARI,SF,SAGO-FISH,SG,FISHING,2593.04566256652,2533.53846256954,2533.53846256954
17.1000003814697,4150,22.8083324432373,767,-6.685,142.999,0.4,45,112.5,KASUA,SH-FH,HORT,AG,HUNTING,2406.16671035234,2809.28740288709,2406.16671035234
9,2606,15.6708335876465,2185,-5.964,144.029,23.2,319,13.75,KAUGEL,AL,AGG,AG,LIVESTOCK,1902.28788745571,2468.3509625232,1902.28788745571
21.7000007629395,2532,26.9874992370605,31,-4.106,142.819,0.5,64.5,129,KAUNGA,SF,SAGO-FISH,SG,FISHING,2608.48886922466,2441.57542081182,2441.57542081182
22,2868,26.404167175293,187,-2.241,138.156,0.5,40,80,KAUWERA,SH,SAGO,SG,HUNTING,2584.246204655,2553.24266715924,2553.24266715924
20.6000003814697,4791,25.5583343505859,22,-7.56,144.301,5.8,191,32.9310344827586,KEREWO,SF,SAGO-FISH,SG,FISHING,2546.87015945821,2875.39564374626,2546.87015945821
10.8999996185303,3398,17.2958335876465,1911,-6.343,143.934,30.8,162,5.25974025974026,KEWA(EAST),AL,AGG,AG,LIVESTOCK,2033.0883844245,2685.77931181635,2033.0883844245
12.6000003814697,3422,19.25,1389,-6.68,144.009,18.2,142.7,7.84065934065934,KEWA(SOUTH),H-HL,HORT,AG,LIVESTOCK,2178.79232992515,2690.74704467609,2178.79232992515
12.1999998092651,3171,18.5791664123535,1581,-6.334,143.728,17.9,33.8,1.88826815642458,KEWA(WEST),AL,AGG,AG,LIVESTOCK,2130.33151681448,2634.66177525519,2130.33151681448
22,1987,27.1166667938232,6,-7.971,138.352,0.5,197.2,394.4,KIMAAMA,AF,AGG,AG,FISHING,2613.69175331883,2198.08744548582,2198.08744548582
22,3297,26.5874996185303,94,-3.033,137.466,1.1,59.1623108809532,63.4685653031406,KIRIKIRI,S-FH,SAGO-FISH,SG,FISHING,2591.99808639791,2663.98373462347,2591.99808639791
21.8999996185303,2544,26.2416667938232,13,-8.522,143.394,3.5,338.350661666667,123.558725637162,KIWAI ISLAND,SF,SAGO-FISH,SG,FISHING,2577.27219629106,2446.00726793208,2446.00726793208
19.3999996185303,2024,24.3083343505859,503,-3.515,142.715,14.8,78,5.27027027027027,KOMBIO,SH-L,HORT,AG,LIVESTOCK,2486.63211115956,2217.54879108168,2217.54879108168
21.7999992370605,2334,26.845832824707,13,-3.921,144.471,0.8,56,70,KOPAR,SF,SAGO-FISH,SG,FISHING,2602.71417397395,2363.11343190553,2363.11343190553
14.8000001907349,3326,20.7416667938232,1051,-5.213,144.375,10.9,20,1.8348623853211,KOPON (LOWER,HH,HORT,AG,HUNTING,2280.31669277127,2670.39216544181,2280.31669277127
20.8999996185303,3279,26.0166664123535,16,-7.607,145.039,4.7,856,182.127659574468,KORIKI/PURARI,SF,SAGO-FISH,SG,FISHING,2567.45472436403,2659.94357230443,2567.45472436403
11.8000001907349,2540,18.2541675567627,1892,-8.059,146.891,13.7,110.7,8.08029197080292,KUNIMAIPA,HL,HORT,AG,LIVESTOCK,2106.25479346748,2444.53390747916,2106.25479346748
20.6000003814697,1977,25.6124992370605,255,-3.665,142.725,14.1,323,22.9078014184397,KWANGA (TAU),HL,HORT,AG,LIVESTOCK,2549.34413712653,2192.74502892962,2192.74502892962
21.1000003814697,2117,26.125,174,-3.743,142.665,17.7,475.8,26.8813559322034,KWANGA(BONGOS),H-HL,HORT,AG,LIVESTOCK,2572.20511817458,2264.40509407115,2264.40509407115
20.7999992370605,1925,26.0083332061768,211,-3.683,142.842,11.2,265.7,23.7232142857143,KWANGA(KWANGA),H-HL,HORT,AG,LIVESTOCK,2567.08750512042,2164.38534514557,2164.38534514557
20.8999996185303,2892,25.3624992370605,378,-2.558,138.44,0.5,55,110,KWERBA,SH,SAGO,SG,HUNTING,2537.83216355212,2560.30576378573,2537.83216355212
21.7999992370605,2646,26.9541664123535,46,-4.139,142.716,6.3,280,44.4444444444444,KWOMA(HILL),SF,SAGO-FISH,SG,FISHING,2607.1365869814,2482.28568863676,2482.28568863676
21.8999996185303,2558,26.9791660308838,27,-4.06,142.66,1.6,142,88.75,KWOMA(NUKUMA),SH,SAGO,SG,HUNTING,2608.15117000321,2451.13332155793,2451.13332155793
20.7999992370605,2431,26.6625003814697,21,-4.306,143.885,5.1,200,39.2156862745098,LANGAM,SF,SAGO-FISH,SG,FISHING,2595.13409159299,2402.84090561344,2402.84090561344
22.1000003814697,1972,27.1375007629395,6,-7.725,139.259,0.2,38,190,MAKLEW,S-FH,SAGO-FISH,SG,FISHING,2614.52540824213,2190.06048855448,2190.06048855448
21.2999992370605,2312,26.908332824707,23,-4.106,143.29,5.6,325,58.0357142857143,MALINGUAT(GAIKAROBI),S-FH,SAGO-FISH,SG,FISHING,2605.27068468173,2353.7415070381,2353.7415070381
21.7999992370605,2658,27.2041664123535,25,-4.188,142.87,3.7,430,116.216216216216,MANAMBU,SH-F,HORT,AG,FISHING,2617.18268065795,2486.39444524498,2486.39444524498
22.3999996185303,2697,26.9333324432373,65,-2.254,138.89,0.3,90,300,MANDER,SH,SAGO,SG,HUNTING,2606.28935876607,2499.52403899075,2499.52403899075
21.1000003814697,2931,26.6916656494141,69,-4.475,142.963,1,27,27,MARI,SH,SAGO,SG,HUNTING,2596.34807394436,2571.5459200504,2571.5459200504
21.8999996185303,1462,26.6416664123535,22,-9.138,141.076,2.1,430,204.761904761905,MARIND-ANIM,SF,SAGO-FISH,SG,FISHING,2594.26500762004,1863.62395770703,1863.62395770703
16.2999992370605,3597,22.1124992370605,854,-5.441,144.77,18.3,154,8.41530054644809,MARING(BOMAGAI),HL,HORT,AG,LIVESTOCK,2365.74011295157,2724.67297646415,2365.74011295157
12.3999996185303,2583,18.2749996185303,1674,-5.465,144.636,22.3,460,20.627802690583,MARING(KAUW),HL,HORT,AG,LIVESTOCK,2107.80955882861,2460.16930228475,2107.80955882861
14.1000003814697,3198,19.9583339691162,1353,-5.377,144.644,34.4,280,8.13953488372093,MARING(TSEM),HL,HORT,AG,LIVESTOCK,2228.09556670314,2641.15319598491,2228.09556670314
21.8999996185303,2703,26.9750003814697,33,-4.128,142.579,1.9,121,63.6842105263158,MAYO,SH,SAGO,SG,HUNTING,2607.98226626622,2501.51396864748,2501.51396864748
18.6000003814697,3177,24.341667175293,490,-4.845,143.594,0.5,62.660775,79.2291632265207,MEAKAMBUT,SH,SAGO,SG,HUNTING,2488.31777633391,2636.11438721819,2488.31777633391
16.5,2932,21.4500007629395,1027,-4.362,140.047,5.9,107,18.135593220339,MEK (EIPO),HH,HORT,AG,HUNTING,2325.41185270812,2571.83031912855,2325.41185270812
12.1999998092651,2568,18.6458339691162,1718,-5.858,144.236,59.5,264,4.43697478991597,MELPA (CENTR,AL,AGG,AG,LIVESTOCK,2135.22271852971,2454.76572338281,2135.22271852971
11,2479,17.0125007629395,1934,-5.616,144.298,55.9,151,2.70125223613596,MELPA (NORTH,AL,AGG,AG,LIVESTOCK,2010.86377866042,2421.57345267837,2010.86377866042
10.8000001907349,2874,17.3999996185303,1808,-6.093,143.629,78.1,302.5,3.87323943661972,MENDI(MAP),AL,AGG,AG,LIVESTOCK,2041.19302485705,2555.01900755367,2041.19302485705
9.5,2709,16.1791667938232,2200,-6.05,143.662,41.9,321,7.66109785202864,MENDI(SOUTH),AL,AGG,AG,LIVESTOCK,1944.04196543564,2503.49598619584,1944.04196543564
13.5,2197,20.0625,1613,-7.159,146.074,16,204.609536666666,23.0222345625406,MENYA,HL,HORT,AG,LIVESTOCK,2235.18055348541,2302.46020373132,2235.18055348541
17.1000003814697,3689,21.9624996185303,941,-4.858,141.568,1.4,53,37.8571428571429,MIANMIN(EAST,HH,HORT,AG,HUNTING,2356.76620844631,2740.98873171365,2356.76620844631
16.1000003814697,3937,21.0499992370605,1179,-4.765,141.395,1.1,44,40,MINAMIN(WEST),HH,HORT,AG,HUNTING,2300.19631623278,2780.31393111765,2300.19631623278
20.7999992370605,2369,26.7124996185303,15,-4.263,143.917,2.9,150,51.7241379310345,MONGOL,SF,SAGO-FISH,SG,FISHING,2597.2133887516,2377.74400994218,2377.74400994218
11.6000003814697,3344,17.4583339691162,1875,-3.956,136.482,4.1,24.9,6.07317073170732,MONI,HL,HORT,AG,LIVESTOCK,2045.71595701503,2674.30818950366,2045.71595701503
21.3999996185303,2082,26.8833332061768,10,-3.847,144.179,3.5,230,65.7142857142857,MURIK,SF,SAGO-FISH,SG,FISHING,2604.24977512691,2247.10967410492,2247.10967410492
21.8999996185303,5041,27.0541667938232,45,-6.049,140.893,10.8,32,2.96296296296296,MUYU (SOUTH),HH,HORT,AG,HUNTING,2611.18164293193,2894.45434927167,2611.18164293193
22.2999992370605,2769,26.5583343505859,70,-3.805,141.571,1.1,74.8,68,NAGATMAN/JADE,SH,SAGO,SG,HUNTING,2590.77308349615,2522.88785520377,2522.88785520377
22.2000007629395,2781,26.5583324432373,76,-3.848,141.787,5.9,88.5,15,NAMIE,SH,SAGO,SG,HUNTING,2590.77300328229,2526.67437922825,2526.67437922825
12.5,2554,18.404167175293,1590,-5.56,144.752,12.8,222,17.34375,NARAK,HL,HORT,AG,LIVESTOCK,2117.4148201378,2449.67359399991,2117.4148201378
22.1000003814697,2051,27.1666660308838,5,-7.933,138.023,0.3,96.3,321,NDOM,AF,AGG,AG,FISHING,2615.68985665963,2231.45157938453,2231.45157938453
22,2914,27.0249996185303,15,-4.267,142.503,1.5,136,90.6666666666667,NGALA,SF,SAGO-FISH,SG,FISHING,2610.00549439179,2566.68213081428,2566.68213081428
13.6999998092651,4694,18.8083324432373,1584,-4.862,140.604,29.8,85,2.85234899328859,NGALUM,HL,HORT,AG,LIVESTOCK,2147.07588492249,2867.10603326641,2147.07588492249
22.2999992370605,2308,27.1000003814697,61,-2.593,140.187,38.6,276.526498666662,89.1372019891846,NIMBORAN,SH-H,HORT,AG,HUNTING,2613.02375417401,2352.02276299909,2352.02276299909
22.2000007629395,3291,26.6208343505859,81,-4.339,141.572,1,32,32,NIMO/ITERI,SH-H,HORT,AG,HUNTING,2593.39443015269,2662.64237560925,2593.39443015269
21.5,2899,25.9541664123535,186,-2.611,138.404,2.1,94,44.7619047619048,NOPUK,SH,SAGO,SG,HUNTING,2564.69421691727,2562.34472038972,2562.34472038972
20.8999996185303,4026,26.1416664123535,139,-6.59,142.482,1.5,54,36,ODOODEE,SH,SAGO,SG,HUNTING,2572.93206247376,2792.92033637705,2572.93206247376
12,3824,17.5041656494141,1769,-5.233,142.115,34.7,175,5.04322766570605,OKSAPMIN,HL,HORT,AG,LIVESTOCK,2049.26149998376,2763.1962905841,2049.26149998376
12.1000003814697,3949,17.5499992370605,1811,-5.259,142.074,12.7,216.555940000002,20.8565486857435,OKSAPMIN(BAK),HH,HORT,AG,HUNTING,2052.80011632677,2782.0574343731,2052.80011632677
20.6000003814697,2538,24.8208332061768,353,-3.508,141.993,13.6,190,13.9705882352941,OLO(WAPE),SH-H,HORT,AG,HUNTING,2512.06538763356,2443.79575848584,2443.79575848584
17.7000007629395,4198,23.404167175293,691,-6.292,142.769,1.7,49,28.8235294117647,ONABASULU,SH-HL,HORT,AG,HUNTING,2439.2158829659,2815.26995047763,2439.2158829659
22.2000007629395,3392,26.7958335876465,48,-4.45,141.697,0.5,10,20,OWINIGA,SH-FH,HORT,AG,HUNTING,2600.65890721778,2684.52495958409,2600.65890721778
21.5,2450,26.0833339691162,169,-3.799,142.303,1.8,88,48.8888888888889,PAHI,SH,SAGO,SG,HUNTING,2570.38324382796,2410.32734101671,2410.32734101671
11,3034,16.8374996185303,1937,-5.428,142.977,9.8,267.8,27.3265306122449,PAIELA,H-HL,HORT,AG,LIVESTOCK,1997.00795129189,2599.86917039228,1997.00795129189
21.7999992370605,3567,26.9416656494141,26,-6.775,141.736,1.5,44,29.3333333333333,PARE,SH,SAGO,SG,HUNTING,2606.62842051386,2719.1334718642,2606.62842051386
21.8999996185303,2612,26.529167175293,86,-3.955,142.308,1.5,60,40,PASI,SH,SAGO,SG,HUNTING,2589.54490460424,2470.46483865126,2470.46483865126
18.5,4404,24.5791664123535,211,-6.997,144.463,4,75,18.75,POLOPA,HH,HORT,AG,HUNTING,2500.20117204638,2838.8861001004,2500.20117204638
22.2000007629395,2269,27.341667175293,5,-7.539,138.475,0.6,206.3,343.833333333333,RIANTANA,AF,AGG,AG,FISHING,2622.61403988305,2335.02358913034,2335.02358913034
22.5,2784,26.7416667938232,85,-1.85,138.344,0.8,62.5,78.125,SAMAROKENA,SH,SAGO,SG,HUNTING,2598.42218009758,2527.6163053949,2527.6163053949
13,3521,19.7958335876465,1264,-6.728,143.929,4.3,183.409916666663,25.5851309901791,SAMBERIGI,H-HL,HORT,AG,LIVESTOCK,2216.95757550385,2710.42232523207,2216.95757550385
16.7999992370605,2569,22.875,763,-7.041,145.605,7.8,47.5,6.08974358974359,SAMBIA,HH,HORT,AG,HUNTING,2409.93625381929,2455.12763877328,2409.93625381929
21.1000003814697,4275,26.3791675567627,126,-6.153,142.194,3.1,56,18.0645161290323,SAMO,HH,HORT,AG,HUNTING,2583.17961816175,2824.4774424578,2583.17961816175
21.8999996185303,3166,26.841667175293,38,-4.458,142.373,1.6,25,15.625,SANIO-HIOWE,SH,SAGO,SG,HUNTING,2602.54328379591,2633.44683666694,2602.54328379591
22.1000003814697,3799,26.9500007629395,28,-5.993,138.649,2.4,157,65.4166666666667,SAWI,SF,SAGO-FISH,SG,FISHING,2606.96731181825,2759.23254090596,2606.96731181825
16.7000007629395,4174,21.841667175293,951,-5.434,141.887,2.5,101.62735,36.6623780821181,SELTAMIN,HL,HORT,AG,LIVESTOCK,2349.47038685461,2812.30251064756,2349.47038685461
21.2999992370605,2352,25.8833332061768,284,-3.424,140.776,0.8,44.3,55.375,SENGGI,SH,SAGO,SG,HUNTING,2561.5479816744,2370.68019113828,2370.68019113828
21.5,2339,27.0208339691162,28,-4.028,142.962,2.1,266,126.666666666667,SENGO,H-HF,HORT,AG,HUNTING,2609.83727037932,2365.22438918354,2365.22438918354
9.10000038146973,2158,15.3874998092651,2258,-6.1,145.246,21,204,9.71428571428571,SIANE,HL,HORT,AG,LIVESTOCK,1878.71485525317,2284.16079504834,1878.71485525317
22.3999996185303,3014,26.9208335876465,64,-2.825,138.294,0.8,46,57.5,SIKARITAI,S-FH,SAGO-FISH,SG,FISHING,2605.78033984021,2594.51999305168,2594.51999305168
11.6999998092651,2367,18.1833324432373,1767,-6.071,145.032,104,405.3,3.89711538461538,SINASINA,AL,AGG,AG,LIVESTOCK,2100.95649051722,2376.91710504406,2100.95649051722
21.7000007629395,2108,26.5625,35,-8.048,141.84,1.7,181.308455,136.548520511969,SUKI,S-FH,SAGO-FISH,SG,FISHING,2590.94823896959,2259.99601771478,2259.99601771478
20.7000007629395,3146,26.3958339691162,53,-4.733,143.24,0.4,50,125,SUMARIUP,SH,SAGO,SG,HUNTING,2583.89093052384,2628.54654473655,2583.89093052384
12.1000003814697,2067,18.8291664123535,1690,-6.355,145.883,10.9,215,19.7247706422018,TAIRORA(NORT,AL,AGG,AG,LIVESTOCK,2148.5884814883,2239.57341820524,2148.5884814883
11.6999998092651,2098,18.2875003814697,1734,-6.459,145.961,14.1,240,17.0212765957447,TAIRORA(SOUT,HL,HORT,AG,LIVESTOCK,2108.74178267729,2255.06604186596,2108.74178267729
14.3999996185303,2753,20.904167175293,1367,-8.307,147.101,15.2,202,13.2894736842105,TAUADE,HL,HORT,AG,LIVESTOCK,2290.84174553292,2517.79199449584,2290.84174553292
14.3999996185303,3729,19.8374996185303,1475,-5.131,141.628,10.3,133,12.9126213592233,TELEFOMIN,HH,HORT,AG,HUNTING,2219.82330576731,2747.77751685097,2219.82330576731
13.5,4291,19.0208339691162,1456,-5.117,141.411,4.1,40,9.75609756097561,TIFAL,HH,HORT,AG,HUNTING,2162.42771565778,2826.33232353428,2162.42771565778
22.7000007629395,2503,26.7374992370605,152.350863333333,-3.12,142.398,15.5,71,4.58064516129032,TUMLEO,SF,SAGO-FISH,SG,FISHING,2598.24964974026,2430.71819926615,2430.71819926615
15.6000003814697,3912,21.029167175293,1185,-5.118,141.544,6.4,50,7.8125,URAPMIN,H-HL,HORT,AG,LIVESTOCK,2298.86529148198,2776.6367058454,2298.86529148198
20.5,1906,25.529167175293,255,-3.596,142.794,18.5,245,13.2432432432432,URAT,HL,HORT,AG,LIVESTOCK,2545.53333173669,2153.77645046426,2153.77645046426
10.1999998092651,2181,16.625,1986,-6.397,145.631,36.1,197,5.45706371191136,USARUFA,HL,HORT,AG,LIVESTOCK,1980.05438213648,2295.0100357178,1980.05438213648
22,2742,26.216667175293,43.3687,-8.42,143.679,3.4,292.5,86.0294117647059,WABUDA,SF,SAGO-FISH,SG,FISHING,2576.19065260777,2514.25705333379,2514.25705333379
11.6000003814697,2581,17.3291664123535,1830,-5.722,144.799,29.6,151,5.10135135135135,WAHGI (NORTH,AL,AGG,AG,LIVESTOCK,2035.68575722183,2459.45193088901,2035.68575722183
11.3000001907349,2482,17.5750007629395,1888,-5.99,144.753,33.6,450,13.3928571428571,WAHGI (SOUTH,AL,AGG,AG,LIVESTOCK,2054.72738461111,2422.7245315055,2054.72738461111
20.7999992370605,2247,25.1375007629395,416,-3.35,141.158,4.8,205,42.7083333333333,WAINA,SH-H,HORT,AG,HUNTING,2527.26683161636,2325.23831609509,2325.23831609509
20,1888,25.1458339691162,350,-3.53,142.877,29.7,254,8.55218855218855,WAM,HH,HORT,AG,HUNTING,2527.66161378194,2143.60170343381,2143.60170343381
22.7000007629395,3506,26.8374996185303,20,-2.256,136.526,25.8,700,27.1317829457364,WAROPEN,SF,SAGO-FISH,SG,FISHING,2602.3722530513,2707.52372050197,2602.3722530513
21.1000003814697,3055,26.7083339691162,34,-4.587,143.004,0.4,71.5343833333333,133.039405015929,WATAKATAUWI,SH,SAGO,SG,HUNTING,2597.0404987739,2605.40987511167,2597.0404987739
21.7999992370605,2371,26.7541656494141,8,-3.954,144.53,2.7,138,51.1111111111111,WATAM,SF,SAGO-FISH,SG,FISHING,2598.93923762343,2378.56981743944,2378.56981743944
12.6000003814697,3198,19.3500003814697,1390,-6.351,144.216,32.1,416.7,12.981308411215,WIRU,H-HL,HORT,AG,LIVESTOCK,2185.87053754523,2641.15319598491,2185.87053754523
22.1000003814697,2891,27.0041675567627,18,-4.231,142.402,1.2,174,145,WOGAMUSIN,SF,SAGO-FISH,SG,FISHING,2609.16360277705,2560.01370986171,2560.01370986171
10.3000001907349,2801,16.3041667938232,2066,-6.14,143.364,25.8,133.9,5.18992248062016,WOLA,HL,HORT,AG,LIVESTOCK,1954.19801672819,2532.91859014364,1954.19801672819
15.3000001907349,3381,21.0791664123535,1068,-5.145,144.263,4.6,15,3.26086956521739,WOVAN,HH,HORT,AG,HUNTING,2302.05694138431,2682.21229431675,2302.05694138431
21.7999992370605,3419,26.6833324432373,51,-4.611,142.171,0.8,20,25,YABIO,SH,SAGO,SG,HUNTING,2596.0015245388,2690.13039881371,2596.0015245388
22.2999992370605,2769,26.5583343505859,79,-3.8,141.568,1.1,71.9,65.3636363636364,YADE,SH,SAGO,SG,HUNTING,2590.77308349615,2522.88785520377,2522.88785520377
21.2000007629395,2410,25.6333332061768,328,-3.497,140.87,1.6,34.3,21.4375,YAFI,SH,SAGO,SG,HUNTING,2550.29276206377,2394.45579406653,2394.45579406653
11.5,2178,17.9291667938232,1860,-6.331,145.384,55.2,244,4.42028985507246,YAGARIA,HL,HORT,AG,LIVESTOCK,2081.79866015843,2293.60429605708,2081.79866015843
13.3000001907349,2166,19.5625,1457,-7.024,146.098,4.9,30,6.12244897959184,YAGWOIA,H-HL,HORT,AG,LIVESTOCK,2200.78388722721,2287.95325122369,2200.78388722721
11.8999996185303,2121,18.4458332061768,1724,-6.317,145.543,56.6,234.4,4.14134275618375,YATE,HL,HORT,AG,LIVESTOCK,2120.50032748917,2266.35624187002,2120.50032748917
21.7000007629395,1990,26.7000007629395,29,-7.878,140.858,0.6,265,441.666666666667,YEI,S-FH,SAGO-FISH,SG,FISHING,2596.69445149688,2199.68326533016,2199.68326533016
21.2000007629395,2700,26.6666660308838,152,-4.294,142.949,1.3,97,74.6153846153846,YEREKAI,SH,SAGO,SG,HUNTING,2595.30767205671,2500.51999480376,2500.51999480376
20.5,3104,26.3666667938232,30,-4.727,143.573,1.9,150,78.9473684210526,YIMAS,SF,SAGO-FISH,SG,FISHING,2582.64542413845,2618.04165137442,2582.64542413845
21.7999992370605,4135,26.9208335876465,62,-6.404,141.217,1.1,30,27.2727272727273,YONGGOM,SH-FH,HORT,AG,HUNTING,2605.78033984021,2807.37841443857,2605.78033984021
19.3999996185303,2719,23.720832824707,778,-3.78,141.096,7.5,35,4.66666666666667,YURI,HH,HORT,AG,HUNTING,2456.19551172253,2506.78185170133,2456.19551172253
