"LAT","LONG","DENSITY","PLTYSIZE","AREA","MinTemp","CRR","MAT","Elevation","SOCIETY","SUB","SUB2","PROTEIN"
-4.501,142.835,0.2,40,200,21.1000003814697,3025,26.5791664123535,70,"BAHINEMO","SH","SAGO","HUNTING"
-7.239,141.085,0.2,154.3,771.5,22.1000003814697,2664,27.0125007629395,9,"BOAZI","SH-FH","HORT","FISHING"
-7.287,142.64,0.2,43,215,20.7999992370605,3599,26.0666675567627,106,"KAMULA","SH-FH","HORT","HUNTING"
-7.725,139.259,0.2,38,190,22.1000003814697,1972,27.1375007629395,6,"MAKLEW","S-FH","SAGO-FISH","FISHING"
-4.441,142.461,0.3,53,176.666666666667,21.7999992370605,3097,26.7875003814697,46,"BITARA","SH","SAGO","HUNTING"
-8.806,141.248,0.3,58,193.333333333333,21.7999992370605,1577,26.9249992370605,10,"GUNTAI","HH","HORT","HUNTING"
-2.254,138.89,0.3,90,300,22.3999996185303,2697,26.9333324432373,65,"MANDER","SH","SAGO","HUNTING"
-7.933,138.023,0.3,96.3,321,22.1000003814697,2051,27.1666660308838,5,"NDOM","AF","AGG","FISHING"
-4.955,141.979,0.4,48,120,14.1999998092651,3646,19.3291664123535,1592,"ASABANO","HH","HORT","HUNTING"
-2.299,138.914,0.4,45,112.5,22.2000007629395,2671,26.7958335876465,75,"BONERIF","SH","SAGO","HUNTING"
-4.919,143.222,0.4,14,35,15.6000003814697,3036,21.154167175293,952,"GADIO","HH","HORT","HUNTING"
-6.685,142.999,0.4,45,112.5,17.1000003814697,4150,22.8083324432373,767,"KASUA","SH-FH","HORT","HUNTING"
-4.733,143.24,0.4,50,125,20.7000007629395,3146,26.3958339691162,53,"SUMARIUP","SH","SAGO","HUNTING"
-4.587,143.004,0.4,95.6770387945389,162.231094784649,21.1000003814697,3055,26.7083339691162,34,"WATAKATAUWI","SH","SAGO","HUNTING"
-3.571,141.787,0.5,87,174,21.7000007629395,2543,25.9291667938232,187,"AK","SH","SAGO","HUNTING"
-4.106,142.819,0.5,64.5,129,21.7000007629395,2532,26.9874992370605,31,"KAUNGA","SF","SAGO-FISH","FISHING"
-2.241,138.156,0.5,40,80,22,2868,26.404167175293,187,"KAUWERA","SH","SAGO","HUNTING"
-7.971,138.352,0.5,197.2,394.4,22,1987,27.1166667938232,6,"KIMAAMA","AF","AGG","FISHING"
-2.558,138.44,0.5,55,110,20.8999996185303,2892,25.3624992370605,378,"KWERBA","SH","SAGO","HUNTING"
-4.845,143.594,0.5,66.659104873016,82.6068434151355,18.6000003814697,3177,24.341667175293,490,"MEAKAMBUT","SH","SAGO","HUNTING"
-4.45,141.697,0.5,10,20,22.2000007629395,3392,26.7958335876465,48,"OWINIGA","SH-FH","HORT","HUNTING"
-2.268,138.951,0.6,90,150,20.7999992370605,2731,25.375,378,"BERIK","SH","SAGO","HUNTING"
-7.539,138.475,0.6,206.3,343.833333333333,22.2000007629395,2269,27.341667175293,5,"RIANTANA","AF","AGG","FISHING"
-7.878,140.858,0.6,265,441.666666666667,21.7000007629395,1990,26.7000007629395,29,"YEI","S-FH","SAGO-FISH","FISHING"
-7.36,140.565,0.7,280,400,21.7000007629395,2428,26.7416667938232,43,"BIAN","S-FH","SAGO-FISH","FISHING"
-3.129,137.396,0.7,30,42.8571428571429,21.8999996185303,3332,26.4750003814697,103,"EDOPI","SH","SAGO","HUNTING"
-9.07,142.873,0.8,93.2,116.5,22.5,1839,26.5583324432373,26,"BINE","SH","SAGO","HUNTING"
-3.183,137.681,0.8,73.5839609415584,70.9150382824763,22,3261,26.6083335876465,82,"IAU","S-FH","SAGO-FISH","FISHING"
-3.921,144.471,0.8,56,70,21.7999992370605,2334,26.845832824707,13,"KOPAR","SF","SAGO-FISH","FISHING"
-1.85,138.344,0.8,62.5,78.125,22.5,2784,26.7416667938232,85,"SAMAROKENA","SH","SAGO","HUNTING"
-3.424,140.776,0.8,44.3,55.375,21.2999992370605,2352,25.8833332061768,284,"SENGGI","SH","SAGO","HUNTING"
-2.825,138.294,0.8,46,57.5,22.3999996185303,3014,26.9208335876465,64,"SIKARITAI","S-FH","SAGO-FISH","FISHING"
-4.611,142.171,0.8,20,25,21.7999992370605,3419,26.6833324432373,51,"YABIO","SH","SAGO","HUNTING"
-4.529,143.896,1,142,142,20.6000003814697,2790,26.3708324432373,37,"BUN","SH-FH","HORT","FISHING"
-6.103,142.652,1,36,36,16.7000007629395,4041,22.0125007629395,944,"ETORO","SH-H","HORT","HUNTING"
-4.475,142.963,1,27,27,21.1000003814697,2931,26.6916656494141,69,"MARI","SH","SAGO","HUNTING"
-4.339,141.572,1,32,32,22.2000007629395,3291,26.6208343505859,81,"NIMO/ITERI","SH-H","HORT","HUNTING"
-7.199,145.769,1.1,29.3,26.6363636363636,12.1000003814697,2350,18.3125,1853,"ANKAVE","HH","HORT","HUNTING"
-6.538,143.194,1.1,37,33.6363636363636,18,4327,24.0499992370605,483,"FASU (VALLEY)","SH","SAGO","HUNTING"
-3.941,142.219,1.1,391,355.454545454545,21.8999996185303,2653,26.4874992370605,80,"KALOU","SH","SAGO","HUNTING"
-3.033,137.466,1.1,76.6901100090186,70.6066081456226,22,3297,26.5874996185303,94,"KIRIKIRI","S-FH","SAGO-FISH","FISHING"
-4.765,141.395,1.1,44,40,16.1000003814697,3937,21.0499992370605,1179,"MINAMIN(WEST)","HH","HORT","HUNTING"
-3.805,141.571,1.1,74.8,68,22.2999992370605,2769,26.5583343505859,70,"NAGATMAN/JADE","SH","SAGO","HUNTING"
-3.8,141.568,1.1,71.9,65.3636363636364,22.2999992370605,2769,26.5583343505859,79,"YADE","SH","SAGO","HUNTING"
-6.404,141.217,1.1,30,27.2727272727273,21.7999992370605,4135,26.9208335876465,62,"YONGGOM","SH-FH","HORT","HUNTING"
-3.802,142.001,1.2,187,155.833333333333,22,2658,26.4833335876465,88,"AWUN","SH","SAGO","HUNTING"
-4.492,143.595,1.2,80,66.6666666666667,20.7999992370605,2803,26.6124992370605,25,"KARAWARI","SF","SAGO-FISH","FISHING"
-4.231,142.402,1.2,174,145,22.1000003814697,2891,27.0041675567627,18,"WOGAMUSIN","SF","SAGO-FISH","FISHING"
-4.472,143.062,1.3,110,84.6153846153846,21.1000003814697,2898,26.6791667938232,40,"BISIS","S-FH","SAGO-FISH","FISHING"
-4.294,142.949,1.3,97,74.6153846153846,21.2000007629395,2700,26.6666660308838,152,"YEREKAI","SH","SAGO","HUNTING"
-3.678,141.925,1.4,85.4,61,21.6000003814697,2611,25.8291664123535,220,"BOUYE","S-HF","SAGO-FISH","FISHING"
-4.306,142.117,1.4,328,234.285714285714,22.2999992370605,3087,26.9916667938232,25,"IWAM (SEPIK)","SF","SAGO-FISH","FISHING"
-4.858,141.568,1.4,53,37.8571428571429,17.1000003814697,3689,21.9624996185303,941,"MIANMIN(EAST","HH","HORT","HUNTING"
-4.267,142.503,1.5,136,90.6666666666667,22,2914,27.0249996185303,15,"NGALA","SF","SAGO-FISH","FISHING"
-6.59,142.482,1.5,54,36,20.8999996185303,4026,26.1416664123535,139,"ODOODEE","SH","SAGO","HUNTING"
-6.775,141.736,1.5,44,29.3333333333333,21.7999992370605,3567,26.9416656494141,26,"PARE","SH","SAGO","HUNTING"
-3.955,142.308,1.5,60,40,21.8999996185303,2612,26.529167175293,86,"PASI","SH","SAGO","HUNTING"
-5.76,141.53,1.6,28.5,17.8125,21.1000003814697,5403,26.6208324432373,80,"AEKYOM","SH-H","HORT","HUNTING"
-4.669,143.316,1.6,17,10.625,20.7000007629395,3083,26.3374996185303,60,"ALAMBLAK","SH","SAGO","HUNTING"
-7.148,139.543,1.6,170.407449662365,163.8275195645,22.1000003814697,2575,27,12,"AUWYU(SOUTH)","SH-H","HORT","HUNTING"
-4.06,142.66,1.6,142,88.75,21.8999996185303,2558,26.9791660308838,27,"KWOMA(NUKUMA)","SH","SAGO","HUNTING"
-4.458,142.373,1.6,25,15.625,21.8999996185303,3166,26.841667175293,38,"SANIO-HIOWE","SH","SAGO","HUNTING"
-3.497,140.87,1.6,34.3,21.4375,21.2000007629395,2410,25.6333332061768,328,"YAFI","SH","SAGO","HUNTING"
-6.292,142.769,1.7,49,28.8235294117647,17.7000007629395,4198,23.404167175293,691,"ONABASULU","SH-HL","HORT","HUNTING"
-8.048,141.84,1.7,136.041378730881,121.674099391872,21.7000007629395,2108,26.5625,35,"SUKI","S-FH","SAGO-FISH","FISHING"
-3.202,137.972,1.8,84.0166901230157,61.5662808967578,21.8999996185303,3166,26.6666660308838,70,"DUVLI","S-FH","SAGO-FISH","FISHING"
-6.316,142.232,1.8,42,23.3333333333333,21.1000003814697,4207,26.5041656494141,116,"GEBUSI","HH","HORT","HUNTING"
-3.799,142.303,1.8,88,48.8888888888889,21.5,2450,26.0833339691162,169,"PAHI","SH","SAGO","HUNTING"
-7.265,146.461,1.9,86.3,45.421052631579,15.1999998092651,2102,21.375,1135,"HAMTAI","HH","HORT","HUNTING"
-5.221,142.436,1.9,18,9.47368421052632,17.1000003814697,3629,22.341667175293,848,"HEWA","HH","HORT","HUNTING"
-4.128,142.579,1.9,121,63.6842105263158,21.8999996185303,2703,26.9750003814697,33,"MAYO","SH","SAGO","HUNTING"
-4.727,143.573,1.9,150,78.9473684210526,20.5,3104,26.3666667938232,30,"YIMAS","SF","SAGO-FISH","FISHING"
-4.763,143.687,2,107,53.5,20.2999992370605,3139,26.1124992370605,106,"ARAFUNDI(LOW","SH","SAGO","HUNTING"
-3.741,141.282,2,90,45,21.8999996185303,2714,26.220832824707,183,"BIAKA","SH-H","HORT","HUNTING"
-4.25,141.814,2,79,39.5,22.3999996185303,3171,26.9333324432373,34,"IWAM (MAY)","SF","SAGO-FISH","FISHING"
-4.389,135.893,2.1,501,238.571428571429,20.8999996185303,3112,26.0208339691162,180,"KAMORO","SF","SAGO-FISH","FISHING"
-9.138,141.076,2.1,430,204.761904761905,21.8999996185303,1462,26.6416664123535,22,"MARIND-ANIM","SF","SAGO-FISH","FISHING"
-2.611,138.404,2.1,94,44.7619047619048,21.5,2899,25.9541664123535,186,"NOPUK","SH","SAGO","HUNTING"
-4.028,142.962,2.1,266,126.666666666667,21.5,2339,27.0208339691162,28,"SENGO","H-HF","HORT","HUNTING"
-3.959,141.126,2.2,32.5,14.7727272727273,22.3999996185303,2930,26.8291664123535,64,"ABAU(GREEN R.)","S-FH","SAGO-FISH","FISHING"
-4.491,143.184,2.3,150,65.2173913043478,21.1000003814697,2875,26.720832824707,28,"KANINGARA","SF","SAGO-FISH","FISHING"
-4.529,143.243,2.3,190,82.6086956521739,21.1000003814697,2911,26.6666660308838,34,"KAPRIMAN","SF","SAGO-FISH","FISHING"
-5.993,138.649,2.4,157,65.4166666666667,22.1000003814697,3799,26.9500007629395,28,"SAWI","SF","SAGO-FISH","FISHING"
-5.434,141.887,2.5,116.565639330808,39.6730483422657,16.7000007629395,4174,21.841667175293,951,"SELTAMIN","HL","HORT","LIVESTOCK"
-4.856,141.217,2.6,24,9.23076923076923,17.7000007629395,3902,22.5208339691162,960,"ATBALMIN","HH","HORT","HUNTING"
-3.842,143.32,2.6,185,71.1538461538462,21.1000003814697,2001,26.9583339691162,71,"BOIKEN(KUNAI)","SH","SAGO","HUNTING"
-3.954,144.53,2.7,138,51.1111111111111,21.7999992370605,2371,26.7541656494141,8,"WATAM","SF","SAGO-FISH","FISHING"
-5.167,138.219,2.9,789,272.068965517241,21.7999992370605,4057,26.8791675567627,17,"ASMAT (KEENOK)","SF","SAGO-FISH","FISHING"
-4.263,143.917,2.9,150,51.7241379310345,20.7999992370605,2369,26.7124996185303,15,"MONGOL","SF","SAGO-FISH","FISHING"
-6.837,138.967,3,511,170.333333333333,21.9387495545258,2870.84078404928,26.8925203632938,8,"ASMAT (KAWENA","SF","SAGO-FISH","FISHING"
-6.475,142.79,3,60,20,17.7999992370605,4097,23.2000007629395,769,"KALULI","SH-H","HORT","HUNTING"
-5.207,141.69,3.1,211,68.0645161290323,14.1999998092651,3772,19.7416667938232,1410,"FERAMIN","H-HL","HORT","LIVESTOCK"
-6.153,142.194,3.1,56,18.0645161290323,21.1000003814697,4275,26.3791675567627,126,"SAMO","HH","HORT","HUNTING"
-4.205,141.656,3.3,14,4.24242424242424,22.3999996185303,3143,26.8541660308838,47,"AMA","SH","SAGO","HUNTING"
-4.107,141.332,3.3,138.648537300117,49.1682693643334,21.7000007629395,3075,25.966667175293,267,"AMTO","SH","SAGO","HUNTING"
-4.194,143.599,3.3,866,262.424242424242,21.2000007629395,2400,26.9583339691162,7,"IATMUL(EAST)","SF","SAGO-FISH","FISHING"
-8.42,143.679,3.4,292.5,86.0294117647059,22,2742,26.216667175293,68.0037706815404,"WABUDA","SF","SAGO-FISH","FISHING"
-3.861,142.963,3.5,203.3,58.0857142857143,21.2999992370605,2076,26.7958335876465,63,"ABELAM(SWOSERA)","HL","HORT","LIVESTOCK"
-8.522,143.394,3.5,359.689345811413,138.011393775204,21.8999996185303,2544,26.2416667938232,13,"KIWAI ISLAND","SF","SAGO-FISH","FISHING"
-3.847,144.179,3.5,230,65.7142857142857,21.3999996185303,2082,26.8833332061768,10,"MURIK","SF","SAGO-FISH","FISHING"
-4.253,143.097,3.7,220,59.4594594594595,21.5,2551,27.0458335876465,4,"CHAMBRI","SF","SAGO-FISH","FISHING"
-4.188,142.87,3.7,430,116.216216216216,21.7999992370605,2658,27.2041664123535,25,"MANAMBU","SH-F","HORT","FISHING"
-8.107,142.869,3.9,270,69.2307692307692,21.3999996185303,2546,26.3875007629395,44,"GOGODALA (W)","SH-F","HORT","FISHING"
-5.381,142.04,4,173.036250339106,29.7931280848126,13.8000001907349,4010,19.0041675567627,1674,"BIMIN-KUSKUS","AH","AGG","HUNTING"
-6.997,144.463,4,75,18.75,18.5,4404,24.5791664123535,211,"POLOPA","HH","HORT","HUNTING"
-3.956,136.482,4.1,24.9,6.07317073170732,11.6000003814697,3344,17.4583339691162,1875,"MONI","HL","HORT","LIVESTOCK"
-5.117,141.411,4.1,40,9.75609756097561,13.5,4291,19.0208339691162,1456,"TIFAL","HH","HORT","HUNTING"
-6.605,139.256,4.3,82,19.0697674418605,22.1000003814697,3230,26.9833335876465,30,"JAQAI","SF","SAGO-FISH","FISHING"
-6.728,143.929,4.3,178.316513056999,26.091478350659,13,3521,19.7958335876465,1264,"SAMBERIGI","H-HL","HORT","LIVESTOCK"
-5.437,141.886,4.4,212,48.1818181818182,16.7000007629395,4174,21.841667175293,1113,"BAKTAMAN","HH","HORT","HUNTING"
-4.186,143.243,4.6,337,73.2608695652174,21.3999996185303,2455,27.0666656494141,13,"IATMUL(PALIM","S-HF","SAGO-FISH","FISHING"
-4.327,144.087,4.6,300,65.2173913043478,20.7000007629395,2485,26.6166667938232,18,"KAMBOT","SF","SAGO-FISH","FISHING"
-5.145,144.263,4.6,15,3.26086956521739,15.3000001907349,3381,21.0791664123535,1068,"WOVAN","HH","HORT","HUNTING"
-7.607,145.039,4.7,856,182.127659574468,20.8999996185303,3279,26.0166664123535,16,"KORIKI/PURARI","SF","SAGO-FISH","FISHING"
-4.147,141.26,4.8,52,10.8333333333333,22.3999996185303,3084,26.8166656494141,69,"ABAU(IDAM)","S-FH","SAGO-FISH","FISHING"
-3.35,141.158,4.8,205,42.7083333333333,20.7999992370605,2247,25.1375007629395,416,"WAINA","SH-H","HORT","HUNTING"
-5.29,141.502,4.9,220,44.8979591836735,14.6999998092651,4386,19.9125003814697,1319,"FAIWOLMIN","HH","HORT","HUNTING"
-7.024,146.098,4.9,30,6.12244897959184,13.3000001907349,2166,19.5625,1457,"YAGWOIA","H-HL","HORT","LIVESTOCK"
-4.306,143.885,5.1,200,39.2156862745098,20.7999992370605,2431,26.6625003814697,21,"LANGAM","SF","SAGO-FISH","FISHING"
-3.526,141.178,5.2,85,16.3461538461538,20.7999992370605,2445,25.1083335876465,351,"AMANAB","SH-H","HORT","HUNTING"
-3.699,141.2,5.3,86,16.2264150943396,21.7999992370605,2677,26.0083332061768,205,"ANGGOR","SH-H","HORT","HUNTING"
-4.106,143.29,5.6,325,58.0357142857143,21.2999992370605,2312,26.908332824707,23,"MALINGUAT(GAIKAROBI)","S-FH","SAGO-FISH","FISHING"
-7.56,144.301,5.8,191,32.9310344827586,20.6000003814697,4791,25.5583343505859,22,"KEREWO","SF","SAGO-FISH","FISHING"
-6.643,145.716,5.9,163,27.6271186440678,14.5,2134,21.158332824707,1450,"AWA(ILAKIA)","HL","HORT","LIVESTOCK"
-4.362,140.047,5.9,107,18.135593220339,16.5,2932,21.4500007629395,1027,"MEK (EIPO)","HH","HORT","HUNTING"
-3.848,141.787,5.9,88.5,15,22.2000007629395,2781,26.5583324432373,76,"NAMIE","SH","SAGO","HUNTING"
-4.139,142.716,6.3,280,44.4444444444444,21.7999992370605,2646,26.9541664123535,46,"KWOMA(HILL)","SF","SAGO-FISH","FISHING"
-5.118,141.544,6.4,50,7.8125,15.6000003814697,3912,21.029167175293,1185,"URAPMIN","H-HL","HORT","LIVESTOCK"
-4.228,143.352,6.7,314,46.865671641791,21.2999992370605,2505,27.0625,15,"IATMUL(NYAUR","S-HF","SAGO-FISH","FISHING"
-5.438,142.431,6.8,252,37.0588235294118,13,3552,18.4624996185303,1717,"DUNA(HORAILE)","HL","HORT","LIVESTOCK"
-5.044,141.676,7,126,18,13.8999996185303,3651,19.1499996185303,1524,"ELIPTAMIN","HH","HORT","HUNTING"
-6.217,146.098,7.2,110,15.2777777777778,16,2281,21.8333339691162,925,"BINUMARIEN","HL","HORT","LIVESTOCK"
-3.78,141.096,7.5,35,4.66666666666667,19.3999996185303,2719,23.720832824707,778,"YURI","HH","HORT","HUNTING"
-7.041,145.605,7.8,47.5,6.08974358974359,16.7999992370605,2569,22.875,763,"SAMBIA","HH","HORT","HUNTING"
-6.302,146.011,9,159,17.6666666666667,14.1999998092651,2120,20.5416660308838,1316,"GADSUP(ARONA)","HH","HORT","HUNTING"
-6.606,145.723,9.1,263,28.9010989010989,13.6000003814697,2089,20.1083335876465,1374,"AWA(TAUNA)","HL","HORT","LIVESTOCK"
-5.428,142.977,9.8,267.8,27.3265306122449,11,3034,16.8374996185303,1937,"PAIELA","H-HL","HORT","LIVESTOCK"
-6.467,143.495,10,121,12.1,16.2999992370605,3724,22.5208339691162,793,"FOI(MUBU)","SF","SAGO-FISH","FISHING"
-5.131,141.628,10.3,133,12.9126213592233,14.3999996185303,3729,19.8374996185303,1475,"TELEFOMIN","HH","HORT","HUNTING"
-6.9,145.816,10.5,198,18.8571428571429,7.09999990463257,2468,13.2416667938232,2627,"BARUYA","HL","HORT","LIVESTOCK"
-6.049,140.893,10.8,32,2.96296296296296,21.8999996185303,5041,27.0541667938232,45,"MUYU (SOUTH)","HH","HORT","HUNTING"
-3.481,143.115,10.9,225,20.6422018348624,19.8999996185303,1863,25.1499996185303,322,"ARAPESH(MOUNTAIN)","H-HL","HORT","LIVESTOCK"
-5.213,144.375,10.9,20,1.8348623853211,14.8000001907349,3326,20.7416667938232,1051,"KOPON (LOWER","HH","HORT","HUNTING"
-6.355,145.883,10.9,215,19.7247706422018,12.1000003814697,2067,18.8291664123535,1690,"TAIRORA(NORT","AL","AGG","LIVESTOCK"
-3.683,142.842,11.2,265.7,23.7232142857143,20.7999992370605,1925,26.0083332061768,211,"KWANGA(KWANGA)","H-HL","HORT","LIVESTOCK"
-6.059,142.502,11.5,60,5.21739130434783,19.7000007629395,4239,25.2749996185303,293,"BEDAMINI","HH","HORT","HUNTING"
-5.296,142.311,11.5,245,21.304347826087,18.2000007629395,3910,23.908332824707,525,"DUNA(YAKONA)","AL","AGG","LIVESTOCK"
-3.992,137.642,12.1,217,17.9338842975207,9.10000038146973,3018,15.279167175293,2277,"DANI (ILAGA)","HL","HORT","LIVESTOCK"
-5.991,144.183,12.4,288,23.2258064516129,13.3999996185303,3004,19.9916667938232,1329,"KAIMBI","HL","HORT","LIVESTOCK"
-5.259,142.074,12.7,185.970954828644,16.5715294188739,12.1000003814697,3949,17.5499992370605,1811,"OKSAPMIN(BAK)","HH","HORT","HUNTING"
-5.56,144.752,12.8,222,17.34375,12.5,2554,18.404167175293,1590,"NARAK","HL","HORT","LIVESTOCK"
-3.585,142.201,13.4,270,20.1492537313433,20.8999996185303,2437,25.3624992370605,279,"GNAU","SH-H","HORT","HUNTING"
-3.508,141.993,13.6,190,13.9705882352941,20.6000003814697,2538,24.8208332061768,353,"OLO(WAPE)","SH-H","HORT","HUNTING"
-5.35,143.983,13.7,219.5,16.021897810219,14,2847,19.9291667938232,1342,"ENGA(TOMBEMA)","HL","HORT","LIVESTOCK"
-8.059,146.891,13.7,110.7,8.08029197080292,11.8000001907349,2540,18.2541675567627,1892,"KUNIMAIPA","HL","HORT","LIVESTOCK"
-3.126,142.469,13.8,182.407814842742,15.895367743827,19.1322685140655,2638.6551489466,24.2601450571586,523.107277052666,"ALI (ISLAND)","SF","SAGO-FISH","FISHING"
-3.665,142.725,14.1,323,22.9078014184397,20.6000003814697,1977,25.6124992370605,255,"KWANGA (TAU)","HL","HORT","LIVESTOCK"
-6.459,145.961,14.1,240,17.0212765957447,11.6999998092651,2098,18.2875003814697,1734,"TAIRORA(SOUT","HL","HORT","LIVESTOCK"
-4.403,143.874,14.2,263,18.5211267605634,20.7000007629395,2593,26.5249996185303,23,"BIWAT","S-HF","SAGO-FISH","FISHING"
-3.515,142.715,14.8,78,5.27027027027027,19.3999996185303,2024,24.3083343505859,503,"KOMBIO","SH-L","HORT","LIVESTOCK"
-6.489,144.512,15.1,70,4.63576158940397,14.3999996185303,3421,20.8791656494141,1089,"DARIBI","HH","HORT","HUNTING"
-8.307,147.101,15.2,202,13.2894736842105,14.3999996185303,2753,20.904167175293,1367,"TAUADE","HL","HORT","LIVESTOCK"
-3.733,143.411,15.4,265.3,17.2272727272727,20.6000003814697,1855,26.1708335876465,189,"BOIKEN(CENTRAL)","H-HL","HORT","LIVESTOCK"
-3.12,142.398,15.5,71,4.58064516129032,22.7000007629395,2503,26.7374992370605,156.677996932235,"TUMLEO","SF","SAGO-FISH","FISHING"
-7.159,146.074,16,197.831542569625,19.8547990287902,13.5,2197,20.0625,1613,"MENYA","HL","HORT","LIVESTOCK"
-6.527,145.761,16.5,177,10.7272727272727,11.5,2101,17.8291664123535,1792,"AUYANA","HL","HORT","LIVESTOCK"
-6.243,145.678,17.1,207,12.1052631578947,12.6999998092651,1910,19.3541660308838,1552,"KAMANO(KAFE)","HL","HORT","LIVESTOCK"
-3.706,143.179,17.7,247,13.954802259887,20.7999992370605,1869,26.4791660308838,151,"ABELAM(EAST)","HL","HORT","LIVESTOCK"
-3.743,142.665,17.7,475.8,26.8813559322034,21.1000003814697,2117,26.125,174,"KWANGA(BONGOS)","H-HL","HORT","LIVESTOCK"
-5.623,143.314,17.8,449,25.2247191011236,6.90000009536743,2751,13.216667175293,2654,"ENGA(YUMBISA)","AL","AGG","LIVESTOCK"
-6.334,143.728,17.9,33.8,1.88826815642458,12.1999998092651,3171,18.5791664123535,1581,"KEWA(WEST)","AL","AGG","LIVESTOCK"
-6.68,144.009,18.2,142.7,7.84065934065934,12.6000003814697,3422,19.25,1389,"KEWA(SOUTH)","H-HL","HORT","LIVESTOCK"
-6.497,145.214,18.3,118,6.44808743169399,10.1999998092651,2404,16.5499992370605,2041,"GIMI","AL","AGG","LIVESTOCK"
-5.441,144.77,18.3,154,8.41530054644809,16.2999992370605,3597,22.1124992370605,854,"MARING(BOMAGAI)","HL","HORT","LIVESTOCK"
-6.37,145.738,18.4,218,11.8478260869565,10.6999998092651,2115,17.1499996185303,1894,"KAMANO(SOUTH)","HL","HORT","LIVESTOCK"
-3.596,142.794,18.5,245,13.2432432432432,20.5,1906,25.529167175293,255,"URAT","HL","HORT","LIVESTOCK"
-6.093,145.532,18.9,175,9.25925925925926,12.6999998092651,1960,19.1749992370605,1619,"BENA BENA","AL","AGG","LIVESTOCK"
-5.274,144.762,19.5,82.1,4.21025641025641,16.3999996185303,3563,22.1166667938232,834,"GAINJ","H-HL","HORT","LIVESTOCK"
-6.656,145.544,19.9,152,7.63819095477387,11.5,2210,17.966667175293,1828,"FORE (SOUTH)","HH","HORT","HUNTING"
-6.1,145.246,21,204,9.71428571428571,9.10000038146973,2158,15.3874998092651,2258,"SIANE","HL","HORT","LIVESTOCK"
-5.465,144.636,22.3,460,20.627802690583,12.3999996185303,2583,18.2749996185303,1674,"MARING(KAUW)","HL","HORT","LIVESTOCK"
-6.136,144.029,23,124,5.39130434782609,9,2939,15.5583333969116,2174,"IMBONGGU","AL","AGG","LIVESTOCK"
-5.964,144.029,23.2,319,13.75,9,2606,15.6708335876465,2185,"KAUGEL","AL","AGG","LIVESTOCK"
-3.644,142.876,24,165.3,6.8875,20.7000007629395,1896,25.9916667938232,193,"ARAPESH(BUMB)","SH-H","HORT","HUNTING"
-2.256,136.526,25.8,700,27.1317829457364,22.7000007629395,3506,26.8374996185303,20,"WAROPEN","SF","SAGO-FISH","FISHING"
-6.14,143.364,25.8,133.9,5.18992248062016,10.3000001907349,2801,16.3041667938232,2066,"WOLA","HL","HORT","LIVESTOCK"
-3.671,138.647,26.1,200,7.66283524904215,13.3000001907349,2543,18.9833335876465,1500,"DANI(BOKONDINI)","AL","AGG","LIVESTOCK"
-3.529,142.109,26.9,202,7.5092936802974,20.7000007629395,2469,25.0541667938232,314,"AU","SH-H","HORT","HUNTING"
-5.57,144.101,28.4,350,12.3239436619718,12.5,2624,18.5,1673,"ENGA(RAIAPU SAKA","AL","AGG","LIVESTOCK"
-6.044,145.383,28.6,272.939686663418,10.7845775416252,13,1984,19.4874992370605,1631,"GAHUKU GAMA","HL","HORT","LIVESTOCK"
-6.512,145.596,29.4,256,8.70748299319728,11.1999998092651,2212,17.6916675567627,1883,"FORE (NORTH)","HL","HORT","LIVESTOCK"
-5.722,144.799,29.6,151,5.10135135135135,11.6000003814697,2581,17.3291664123535,1830,"WAHGI (NORTH","AL","AGG","LIVESTOCK"
-3.53,142.877,29.7,254,8.55218855218855,20,1888,25.1458339691162,350,"WAM","HH","HORT","HUNTING"
-4.862,140.604,29.8,85,2.85234899328859,13.6999998092651,4694,18.8083324432373,1584,"NGALUM","HL","HORT","LIVESTOCK"
-5.686,145.174,30.3,447,14.7524752475248,14.6999998092651,2874,20.4208335876465,1234,"GENDE","H-HL","HORT","LIVESTOCK"
-6.343,143.934,30.8,162,5.25974025974026,10.8999996185303,3398,17.2958335876465,1911,"KEWA(EAST)","AL","AGG","LIVESTOCK"
-6.351,144.216,32.1,416.7,12.981308411215,12.6000003814697,3198,19.3500003814697,1390,"WIRU","H-HL","HORT","LIVESTOCK"
-6.241,143.583,32.7,245.391789710317,7.65423738487385,10.3000001907349,2946,16.6958332061768,2014,"ANGANEN","AL","AGG","LIVESTOCK"
-6.357,145.946,33.2,269,8.10240963855422,12.3999996185303,2093,18.9291667938232,1591,"GADSUP(AKUNA)","HL","HORT","LIVESTOCK"
-5.99,144.753,33.6,450,13.3928571428571,11.3000001907349,2482,17.5750007629395,1888,"WAHGI (SOUTH","AL","AGG","LIVESTOCK"
-5.377,144.644,34.4,280,8.13953488372093,14.1000003814697,3198,19.9583339691162,1353,"MARING(TSEM)","HL","HORT","LIVESTOCK"
-5.233,142.115,34.7,175,5.04322766570605,12,3824,17.5041656494141,1769,"OKSAPMIN","HL","HORT","LIVESTOCK"
-6.397,145.631,36.1,197,5.45706371191136,10.1999998092651,2181,16.625,1986,"USARUFA","HL","HORT","LIVESTOCK"
-4.096,138.946,38.2,340,8.90052356020942,14.1000003814697,2066,20.3583335876465,1661,"DANI (DUGUM)","AL","AGG","LIVESTOCK"
-2.593,140.187,38.6,266.294839863302,73.0757068533164,22.2999992370605,2308,27.1000003814697,61,"NIMBORAN","SH-H","HORT","HUNTING"
-5.965,145.267,40.9,238,5.81907090464548,12.1000003814697,2155,18.5791664123535,1694,"GURURUMBA","AL","AGG","LIVESTOCK"
-4.054,136.083,41,176,4.29268292682927,13.3999996185303,3327,19.1916675567627,1587,"KAPAUKU","AL","AGG","LIVESTOCK"
-6.05,143.662,41.9,321,7.66109785202864,9.5,2709,16.1791667938232,2200,"MENDI(SOUTH)","AL","AGG","LIVESTOCK"
-3.646,143.194,43.4,191.2,4.40552995391705,20.1000003814697,1843,25.591667175293,285,"ARAPESH(KAB)","HL","HORT","LIVESTOCK"
-5.556,144.155,43.8,225,5.13698630136986,14.3000001907349,3432,20.4208335876465,1228,"ENGA(RAIAPU LAI)","AL","AGG","LIVESTOCK"
-3.682,142.939,44.2,503,11.3800904977376,20.7999992370605,1890,26.2708339691162,140,"ARAPESH(ILAH","HL","HORT","LIVESTOCK"
-5.265,144.584,48.8,44,0.901639344262295,10.3999996185303,2466,16.2916660308838,2175,"KALAM","HL","HORT","LIVESTOCK"
-3.776,138.222,49.1,155,3.15682281059063,5.59999990463257,3155,11.1833333969116,3109,"DANI (WEST)","HL","HORT","LIVESTOCK"
-6.331,145.384,55.2,244,4.42028985507246,11.5,2178,17.9291667938232,1860,"YAGARIA","HL","HORT","LIVESTOCK"
-5.616,144.298,55.9,151,2.70125223613596,11,2479,17.0125007629395,1934,"MELPA (NORTH","AL","AGG","LIVESTOCK"
-6.317,145.543,56.6,234.4,4.14134275618375,11.8999996185303,2121,18.4458332061768,1724,"YATE","HL","HORT","LIVESTOCK"
-5.935,142.96,58.5,500,8.54700854700855,12.1000003814697,2960,17.9791660308838,1817,"HULI (TOANDA","AL","AGG","LIVESTOCK"
-5.858,144.236,59.5,264,4.43697478991597,12.1999998092651,2568,18.6458339691162,1718,"MELPA (CENTR","AL","AGG","LIVESTOCK"
-5.9,145.052,61.3,459,7.48776508972268,10.6000003814697,2212,17.1041660308838,1995,"CHIMBU (UPPE","AL","AGG","LIVESTOCK"
-3.632,143.055,61.5,326,5.30081300813008,20.5,1838,26.0041675567627,201,"ABELAM(CENT)","HL","HORT","LIVESTOCK"
-3.754,142.993,64.6,246,3.80804953560372,21,1936,26.6000003814697,107,"ABELAM(NWOS)","AL","AGG","LIVESTOCK"
-5.521,144.119,70.1,330,4.70756062767475,14.3000001907349,3284,20.3999996185303,1298,"ENGA (KYAKA)","AL","AGG","LIVESTOCK"
-6.165,145.139,71.4,211,2.95518207282913,10.6000003814697,2238,16.9166660308838,2055,"CHUAVE","AL","AGG","LIVESTOCK"
-3.656,143.296,73.3,163,2.2237380627558,20.2999992370605,1825,25.841667175293,231,"BOIKEN(NYANG","HL","HORT","LIVESTOCK"
-6.093,143.629,78.1,302.5,3.87323943661972,10.8000001907349,2874,17.3999996185303,1808,"MENDI(MAP)","AL","AGG","LIVESTOCK"
-5.922,144.976,81.2,415,5.11083743842365,7.09999990463257,2316,13.3583335876465,2576,"CHIMBU (CENT","AL","AGG","LIVESTOCK"
-6.071,145.032,104,405.3,3.89711538461538,11.6999998092651,2367,18.1833324432373,1767,"SINASINA","AL","AGG","LIVESTOCK"
-5.456,143.691,111.7,350,3.13339301700985,9,2663,15.3000001907349,2247,"ENGA (MAE)","AL","AGG","LIVESTOCK"
