"MinTemp","CRR","MAT","Elevation","SOCIETY","LAT","LONG","SUB","DENSITY","PLTYSIZE","AREA"
22.1000003814697,2664,27.0125007629395,9,"BOAZI",-7.239,141.085,"SH-FH",0.2,"154.3",771.5
22.1000003814697,1972,27.1375007629395,6,"MAKLEW",-7.725,139.259,"S-FH",0.2,"38",190
20.7999992370605,3599,26.0666675567627,106,"KAMULA",-7.287,142.64,"SH-FH",0.2,"43",215
21.1000003814697,3025,26.5791664123535,70,"BAHINEMO",-4.501,142.835,"SH",0.2,"40",200
22.3999996185303,2697,26.9333324432373,65,"MANDER",-2.254,138.89,"SH",0.3,"90",300
21.7999992370605,3097,26.7875003814697,46,"BITARA",-4.441,142.461,"SH",0.3,"53",176.666666666667
21.7999992370605,1577,26.9249992370605,10,"GUNTAI",-8.806,141.248,"HH",0.3,"58",193.333333333333
22.1000003814697,2051,27.1666660308838,5,"NDOM",-7.933,138.023,"AF",0.3,"96.3",321
14.1999998092651,3646,19.3291664123535,1592,"ASABANO",-4.955,141.979,"HH",0.4,"48",120
15.6000003814697,3036,21.154167175293,952,"GADIO",-4.919,143.222,"HH",0.4,"14",35
22.2000007629395,2671,26.7958335876465,75,"BONERIF",-2.299,138.914,"SH",0.4,"45",112.5
17.1000003814697,4150,22.8083324432373,767,"KASUA",-6.685,142.999,"SH-FH",0.4,"45",112.5
20.7000007629395,3146,26.3958339691162,53,"SUMARIUP",-4.733,143.24,"SH",0.4,"50",125
21.1000003814697,3055,26.7083339691162,34,"WATAKATAUWI",-4.587,143.004,"SH",0.4,"",NA
22,2868,26.404167175293,187,"KAUWERA",-2.241,138.156,"SH",0.5,"40",80
20.8999996185303,2892,25.3624992370605,378,"KWERBA",-2.558,138.44,"SH",0.5,"55",110
22.2000007629395,3392,26.7958335876465,48,"OWINIGA",-4.45,141.697,"SH-FH",0.5,"10",20
21.7000007629395,2532,26.9874992370605,31,"KAUNGA",-4.106,142.819,"SF",0.5,"64.5",129
21.7000007629395,2543,25.9291667938232,187,"AK",-3.571,141.787,"SH",0.5,"87",174
22,1987,27.1166667938232,6,"KIMAAMA",-7.971,138.352,"AF",0.5,"197.2",394.4
18.6000003814697,3177,24.341667175293,490,"MEAKAMBUT",-4.845,143.594,"SH",0.5,"",NA
21.7000007629395,1990,26.7000007629395,29,"YEI",-7.878,140.858,"S-FH",0.6,"265",441.666666666667
20.7999992370605,2731,25.375,378,"BERIK",-2.268,138.951,"SH",0.6,"90",150
22.2000007629395,2269,27.341667175293,5,"RIANTANA",-7.539,138.475,"AF",0.6,"206.3",343.833333333333
21.7000007629395,2428,26.7416667938232,43,"BIAN",-7.36,140.565,"S-FH",0.7,"280",400
21.8999996185303,3332,26.4750003814697,103,"EDOPI",-3.129,137.396,"SH",0.7,"30",42.8571428571429
21.7999992370605,2334,26.845832824707,13,"KOPAR",-3.921,144.471,"SF",0.8,"56",70
22.5,2784,26.7416667938232,85,"SAMAROKENA",-1.85,138.344,"SH",0.8,"62.5",78.125
21.7999992370605,3419,26.6833324432373,51,"YABIO",-4.611,142.171,"SH",0.8,"20",25
21.2999992370605,2352,25.8833332061768,284,"SENGGI",-3.424,140.776,"SH",0.8,"44.3",55.375
22.3999996185303,3014,26.9208335876465,64,"SIKARITAI",-2.825,138.294,"S-FH",0.8,"46",57.5
22.5,1839,26.5583324432373,26,"BINE",-9.07,142.873,"SH",0.8,"93.2",116.5
22,3261,26.6083335876465,82,"IAU",-3.183,137.681,"S-FH",0.8,"",NA
20.6000003814697,2790,26.3708324432373,37,"BUN",-4.529,143.896,"SH-FH",1,"142",142
16.7000007629395,4041,22.0125007629395,944,"ETORO",-6.103,142.652,"SH-H",1,"36",36
21.1000003814697,2931,26.6916656494141,69,"MARI",-4.475,142.963,"SH",1,"27",27
22.2000007629395,3291,26.6208343505859,81,"NIMO/ITERI",-4.339,141.572,"SH-H",1,"32",32
12.1000003814697,2350,18.3125,1853,"ANKAVE",-7.199,145.769,"HH",1.1,"29.3",26.6363636363636
22.2999992370605,2769,26.5583343505859,70,"NAGATMAN/JADE",-3.805,141.571,"SH",1.1,"74.8",68
22,3297,26.5874996185303,94,"KIRIKIRI",-3.033,137.466,"S-FH",1.1,"",NA
21.7999992370605,4135,26.9208335876465,62,"YONGGOM",-6.404,141.217,"SHFH",1.1,"30",27.2727272727273
18,4327,24.0499992370605,483,"FASU (VALLEY)",-6.538,143.194,"SH",1.1,"37",33.6363636363636
16.1000003814697,3937,21.0499992370605,1179,"MINAMIN(WEST)",-4.765,141.395,"HH",1.1,"44",40
22.2999992370605,2769,26.5583343505859,79,"YADE",-3.8,141.568,"SH",1.1,"71.9",65.3636363636364
21.8999996185303,2653,26.4874992370605,80,"KALOU",-3.941,142.219,"SH",1.1,"391",355.454545454545
20.7999992370605,2803,26.6124992370605,25,"KARAWARI",-4.492,143.595,"SF",1.2,"80",66.6666666666667
22.1000003814697,2891,27.0041675567627,18,"WOGAMUSIN",-4.231,142.402,"SF",1.2,"174",145
22,2658,26.4833335876465,88,"AWUN",-3.802,142.001,"SH",1.2,"187",155.833333333333
21.2000007629395,2700,26.6666660308838,152,"YEREKAI",-4.294,142.949,"SH",1.3,"97",74.6153846153846
21.1000003814697,2898,26.6791667938232,40,"BISIS",-4.472,143.062,"S-FH",1.3,"110",84.6153846153846
22.2999992370605,3087,26.9916667938232,25,"IWAM (SEPIK)",-4.306,142.117,"SF",1.4,"328",234.285714285714
17.1000003814697,3689,21.9624996185303,941,"MIANMIN(EAST",-4.858,141.568,"HH",1.4,"53",37.8571428571429
21.6000003814697,2611,25.8291664123535,220,"BOUYE",-3.678,141.925,"S-HF",1.4,"85.4",61
22,2914,27.0249996185303,15,"NGALA",-4.267,142.503,"SF",1.5,"136",90.6666666666667
21.7999992370605,3567,26.9416656494141,26,"PARE",-6.775,141.736,"SH",1.5,"44",29.3333333333333
20.8999996185303,4026,26.1416664123535,139,"ODOODEE",-6.59,142.482,"SH",1.5,"54",36
21.8999996185303,2612,26.529167175293,86,"PASI",-3.955,142.308,"SH",1.5,"60",40
21.8999996185303,3166,26.841667175293,38,"SANIO-HIOWE",-4.458,142.373,"SH",1.6,"25",15.625
21.1000003814697,5403,26.6208324432373,80,"AEKYOM",-5.76,141.53,"SH-H",1.6,"28.5",17.8125
20.7000007629395,3083,26.3374996185303,60,"ALAMBLAK",-4.669,143.316,"SH",1.6,"17",10.625
21.2000007629395,2410,25.6333332061768,328,"YAFI",-3.497,140.87,"SH",1.6,"34.3",21.4375
22.1000003814697,2575,27,12,"AUWYU(SOUTH)",-7.148,139.543,"SH-H",1.6,"",NA
21.8999996185303,2558,26.9791660308838,27,"KWOMA(NUKUMA)",-4.06,142.66,"SH",1.6,"142",88.75
21.7000007629395,2108,26.5625,35,"SUKI",-8.048,141.84,"S-FH",1.7,"",NA
17.7000007629395,4198,23.404167175293,691,"ONABASULU",-6.292,142.769,"SH-HL",1.7,"49",28.8235294117647
21.8999996185303,3166,26.6666660308838,70,"DUVLI",-3.202,137.972,"S-FH",1.8,"",NA
21.1000003814697,4207,26.5041656494141,116,"GEBUSI",-6.316,142.232,"HH",1.8,"42",23.3333333333333
21.5,2450,26.0833339691162,169,"PAHI",-3.799,142.303,"SH",1.8,"88",48.8888888888889
20.5,3104,26.3666667938232,30,"YIMAS",-4.727,143.573,"SF",1.9,"150",78.9473684210526
17.1000003814697,3629,22.341667175293,848,"HEWA",-5.221,142.436,"HH",1.9,"18",9.47368421052632
15.1999998092651,2102,21.375,1135,"HAMTAI",-7.265,146.461,"HH",1.9,"86.3",45.421052631579
21.8999996185303,2703,26.9750003814697,33,"MAYO",-4.128,142.579,"SH",1.9,"121",63.6842105263158
22.3999996185303,3171,26.9333324432373,34,"IWAM (MAY)",-4.25,141.814,"SF",2,"79",39.5
21.8999996185303,2714,26.220832824707,183,"BIAKA",-3.741,141.282,"SH-H",2,"90",45
20.2999992370605,3139,26.1124992370605,106,"ARAFUNDI(LOW",-4.763,143.687,"SH",2,"107",53.5
21.8999996185303,1462,26.6416664123535,22,"MARIND-ANIM",-9.138,141.076,"SF",2.1,"430",204.761904761905
20.8999996185303,3112,26.0208339691162,180,"KAMORO",-4.389,135.893,"SF",2.1,"501",238.571428571429
21.5,2899,25.9541664123535,186,"NOPUK",-2.611,138.404,"SH",2.1,"94",44.7619047619048
21.5,2339,27.0208339691162,28,"SENGO",-4.028,142.962,"H-HF",2.1,"266",126.666666666667
22.3999996185303,2930,26.8291664123535,64,"ABAU(GREEN R.)",-3.959,141.126,"S-FH",2.2,"32.5",14.7727272727273
21.1000003814697,2875,26.720832824707,28,"KANINGARA",-4.491,143.184,"SF",2.3,"150",65.2173913043478
21.1000003814697,2911,26.6666660308838,34,"KAPRIMAN",-4.529,143.243,"SF",2.3,"190",82.6086956521739
22.1000003814697,3799,26.9500007629395,28,"SAWI",-5.993,138.649,"SF",2.4,"157",65.4166666666667
16.7000007629395,4174,21.841667175293,951,"SELTAMIN",-5.434,141.887,"HL",2.5,"",NA
17.7000007629395,3902,22.5208339691162,960,"ATBALMIN",-4.856,141.217,"HH",2.6,"24",9.23076923076923
21.1000003814697,2001,26.9583339691162,71,"BOIKEN(KUNAI)",-3.842,143.32,"SH",2.6,"185",71.1538461538462
21.7999992370605,2371,26.7541656494141,8,"WATAM",-3.954,144.53,"SF",2.7,"138",51.1111111111111
20.7999992370605,2369,26.7124996185303,15,"MONGOL",-4.263,143.917,"SF",2.9,"150",51.7241379310345
21.7999992370605,4057,26.8791675567627,17,"ASMAT (KEENOK)",-5.167,138.219,"SF",2.9,"789",272.068965517241
NA,NA,NA,8,"ASMAT (KAWENA",-6.837,138.967,"SF",3,"511",170.333333333333
17.7999992370605,4097,23.2000007629395,769,"KALULI",-6.475,142.79,"SH-H",3,"60",20
21.1000003814697,4275,26.3791675567627,126,"SAMO",-6.153,142.194,"HH",3.1,"56",18.0645161290323
14.1999998092651,3772,19.7416667938232,1410,"FERAMIN",-5.207,141.69,"H-HL",3.1,"211",68.0645161290323
21.2000007629395,2400,26.9583339691162,7,"IATMUL(EAST)",-4.194,143.599,"SF",3.3,"866",262.424242424242
22.3999996185303,3143,26.8541660308838,47,"AMA",-4.205,141.656,"SH",3.3,"14",4.24242424242424
21.7000007629395,3075,25.966667175293,267,"AMTO",-4.107,141.332,"SH",3.3,"",NA
22,2742,26.216667175293,NA,"WABUDA",-8.42,143.679,"SF",3.4,"292.5",86.0294117647059
21.3999996185303,2082,26.8833332061768,10,"MURIK",-3.847,144.179,"SF",3.5,"230",65.7142857142857
21.8999996185303,2544,26.2416667938232,13,"KIWAI ISLAND",-8.522,143.394,"SF",3.5,"",NA
21.2999992370605,2076,26.7958335876465,63,"ABELAM(SWOSERA)",-3.861,142.963,"HL",3.5,"203.3",58.0857142857143
21.5,2551,27.0458335876465,4,"CHAMBRI",-4.253,143.097,"SF",3.7,"220",59.4594594594595
21.7999992370605,2658,27.2041664123535,25,"MANAMBU",-4.188,142.87,"SH-F",3.7,"430",116.216216216216
21.3999996185303,2546,26.3875007629395,44,"GOGODALA (W)",-8.107,142.869,"SH-F",3.9,"270",69.2307692307692
18.5,4404,24.5791664123535,211,"POLOPA",-6.997,144.463,"HH",4,"75",18.75
13.8000001907349,4010,19.0041675567627,1674,"BIMIN-KUSKUS",-5.381,142.04,"AH",4,"",NA
11.6000003814697,3344,17.4583339691162,1875,"MONI",-3.956,136.482,"HL",4.1,"24.9",6.07317073170732
13.5,4291,19.0208339691162,1456,"TIFAL",-5.117,141.411,"HH",4.1,"40",9.75609756097561
22.1000003814697,3230,26.9833335876465,30,"JAQAI",-6.605,139.256,"SF",4.3,"82",19.0697674418605
13,3521,19.7958335876465,1264,"SAMBERIGI",-6.728,143.929,"H-HL",4.3,"",NA
16.7000007629395,4174,21.841667175293,1113,"BAKTAMAN",-5.437,141.886,"HH",4.4,"212",48.1818181818182
20.7000007629395,2485,26.6166667938232,18,"KAMBOT",-4.327,144.087,"SF",4.6,"300",65.2173913043478
21.3999996185303,2455,27.0666656494141,13,"IATMUL(PALIM",-4.186,143.243,"S-HF",4.6,"337",73.2608695652174
15.3000001907349,3381,21.0791664123535,1068,"WOVAN",-5.145,144.263,"HH",4.6,"15",3.26086956521739
20.8999996185303,3279,26.0166664123535,16,"KORIKI/PURARI",-7.607,145.039,"SF",4.7,"856",182.127659574468
22.3999996185303,3084,26.8166656494141,69,"ABAU(IDAM)",-4.147,141.26,"S-FH",4.8,"52",10.8333333333333
20.7999992370605,2247,25.1375007629395,416,"WAINA",-3.35,141.158,"SH-H",4.8,"205",42.7083333333333
14.6999998092651,4386,19.9125003814697,1319,"FAIWOLMIN",-5.29,141.502,"HH",4.9,"220",44.8979591836735
13.3000001907349,2166,19.5625,1457,"YAGWOIA",-7.024,146.098,"H-HL",4.9,"30",6.12244897959184
20.7999992370605,2431,26.6625003814697,21,"LANGAM",-4.306,143.885,"SF",5.1,"200",39.2156862745098
20.7999992370605,2445,25.1083335876465,351,"AMANAB",-3.526,141.178,"SH-H",5.2,"85",16.3461538461538
21.7999992370605,2677,26.0083332061768,205,"ANGGOR",-3.699,141.2,"SH-H",5.3,"86",16.2264150943396
21.2999992370605,2312,26.908332824707,23,"MALINGUAT(GAIKAROBI)",-4.106,143.29,"S-FH",5.6,"325",58.0357142857143
20.6000003814697,4791,25.5583343505859,22,"KEREWO",-7.56,144.301,"SF",5.8,"191",32.9310344827586
22.2000007629395,2781,26.5583324432373,76,"NAMIE",-3.848,141.787,"SH",5.9,"88.5",15
14.5,2134,21.158332824707,1450,"AWA(ILAKIA)",-6.643,145.716,"HL",5.9,"163",27.6271186440678
16.5,2932,21.4500007629395,1027,"MEK (EIPO)",-4.362,140.047,"HH",5.9,"107",18.135593220339
21.7999992370605,2646,26.9541664123535,46,"KWOMA(HILL)",-4.139,142.716,"SF",6.3,"280",44.4444444444444
15.6000003814697,3912,21.029167175293,1185,"URAPMIN",-5.118,141.544,"H-HL",6.4,"50",7.8125
21.2999992370605,2505,27.0625,15,"IATMUL(NYAUR",-4.228,143.352,"S-HF",6.7,"314",46.865671641791
13,3552,18.4624996185303,1717,"DUNA(HORAILE)",-5.438,142.431,"HL",6.8,"252",37.0588235294118
13.8999996185303,3651,19.1499996185303,1524,"ELIPTAMIN",-5.044,141.676,"HH",7,"126",18
16,2281,21.8333339691162,925,"BINUMARIEN",-6.217,146.098,"HL",7.2,"110",15.2777777777778
19.3999996185303,2719,23.720832824707,778,"YURI",-3.78,141.096,"HH",7.5,"35",4.66666666666667
16.7999992370605,2569,22.875,763,"SAMBIA",-7.041,145.605,"HH",7.8,"47.5",6.08974358974359
14.1999998092651,2120,20.5416660308838,1316,"GADSUP(ARONA)",-6.302,146.011,"HH",9,"159",17.6666666666667
13.6000003814697,2089,20.1083335876465,1374,"AWA(TAUNA)",-6.606,145.723,"HL",9.1,"263",28.9010989010989
11,3034,16.8374996185303,1937,"PAIELA",-5.428,142.977,"H-HL",9.8,"267.8",27.3265306122449
16.2999992370605,3724,22.5208339691162,793,"FOI(MUBU)",-6.467,143.495,"SF",10,"121",12.1
14.3999996185303,3729,19.8374996185303,1475,"TELEFOMIN",-5.131,141.628,"HH",10.3,"133",12.9126213592233
7.09999990463257,2468,13.2416667938232,2627,"BARUYA",-6.9,145.816,"HL",10.5,"198",18.8571428571429
21.8999996185303,5041,27.0541667938232,45,"MUYU (SOUTH)",-6.049,140.893,"HH",10.8,"32",2.96296296296296
14.8000001907349,3326,20.7416667938232,1051,"KOPON (LOWER",-5.213,144.375,"HH",10.9,"20",1.8348623853211
12.1000003814697,2067,18.8291664123535,1690,"TAIRORA(NORT",-6.355,145.883,"AL",10.9,"215",19.7247706422018
19.8999996185303,1863,25.1499996185303,322,"ARAPESH(MOUNTAIN)",-3.481,143.115,"H-HL",10.9,"225",20.6422018348624
20.7999992370605,1925,26.0083332061768,211,"KWANGA(KWANGA)",-3.683,142.842,"H-HL",11.2,"265.7",23.7232142857143
19.7000007629395,4239,25.2749996185303,293,"BEDAMINI",-6.059,142.502,"HH",11.5,"60",5.21739130434783
18.2000007629395,3910,23.908332824707,525,"DUNA(YAKONA)",-5.296,142.311,"AL",11.5,"245",21.304347826087
9.10000038146973,3018,15.279167175293,2277,"DANI (ILAGA)",-3.992,137.642,"HL",12.1,"217",17.9338842975207
13.3999996185303,3004,19.9916667938232,1329,"KAIMBI",-5.991,144.183,"HL",12.4,"288",23.2258064516129
12.1000003814697,3949,17.5499992370605,1811,"OKSAPMIN(BAK)",-5.259,142.074,"HH",12.7,"",NA
12.5,2554,18.404167175293,1590,"NARAK",-5.56,144.752,"HL",12.8,"222",17.34375
20.8999996185303,2437,25.3624992370605,279,"GNAU",-3.585,142.201,"SH-H",13.4,"270",20.1492537313433
20.6000003814697,2538,24.8208332061768,353,"OLO(WAPE)",-3.508,141.993,"SH-H",13.6,"190",13.9705882352941
11.8000001907349,2540,18.2541675567627,1892,"KUNIMAIPA",-8.059,146.891,"HL",13.7,"110.7",8.08029197080292
14,2847,19.9291667938232,1342,"ENGA(TOMBEMA)",-5.35,143.983,"HL",13.7,"219.5",16.021897810219
NA,NA,NA,NA,"ALI (ISLAND)",-3.126,142.469,"SF",13.8,"",NA
11.6999998092651,2098,18.2875003814697,1734,"TAIRORA(SOUT",-6.459,145.961,"HL",14.1,"240",17.0212765957447
20.6000003814697,1977,25.6124992370605,255,"KWANGA (TAU)",-3.665,142.725,"HL",14.1,"323",22.9078014184397
20.7000007629395,2593,26.5249996185303,23,"BIWAT",-4.403,143.874,"S-HF",14.2,"263",18.5211267605634
19.3999996185303,2024,24.3083343505859,503,"KOMBIO",-3.515,142.715,"SH-L",14.8,"78",5.27027027027027
14.3999996185303,3421,20.8791656494141,1089,"DARIBI",-6.489,144.512,"HH",15.1,"70",4.63576158940397
14.3999996185303,2753,20.904167175293,1367,"TAUADE",-8.307,147.101,"HL",15.2,"202",13.2894736842105
20.6000003814697,1855,26.1708335876465,189,"BOIKEN(CENTRAL)",-3.733,143.411,"H-HL",15.4,"265.3",17.2272727272727
22.7000007629395,2503,26.7374992370605,NA,"TUMLEO",-3.12,142.398,"SF",15.5,"71",4.58064516129032
13.5,2197,20.0625,1613,"MENYA",-7.159,146.074,"HL",16,"",NA
11.5,2101,17.8291664123535,1792,"AUYANA",-6.527,145.761,"HL",16.5,"177",10.7272727272727
12.6999998092651,1910,19.3541660308838,1552,"KAMANO(KAFE)",-6.243,145.678,"HL",17.1,"207",12.1052631578947
20.7999992370605,1869,26.4791660308838,151,"ABELAM(EAST)",-3.706,143.179,"HL",17.7,"247",13.954802259887
21.1000003814697,2117,26.125,174,"KWANGA(BONGOS)",-3.743,142.665,"H-HL",17.7,"475.8",26.8813559322034
6.90000009536743,2751,13.216667175293,2654,"ENGA(YUMBISA)",-5.623,143.314,"AL",17.8,"449",25.2247191011236
12.1999998092651,3171,18.5791664123535,1581,"KEWA(WEST)",-6.334,143.728,"AL",17.9,"33.8",1.88826815642458
12.6000003814697,3422,19.25,1389,"KEWA(SOUTH)",-6.68,144.009,"H-HL",18.2,"142.7",7.84065934065934
10.1999998092651,2404,16.5499992370605,2041,"GIMI",-6.497,145.214,"AL",18.3,"118",6.44808743169399
16.2999992370605,3597,22.1124992370605,854,"MARING(BOMAGAI)",-5.441,144.77,"HL",18.3,"154",8.41530054644809
10.6999998092651,2115,17.1499996185303,1894,"KAMANO(SOUTH)",-6.37,145.738,"HL",18.4,"218",11.8478260869565
20.5,1906,25.529167175293,255,"URAT",-3.596,142.794,"HL",18.5,"245",13.2432432432432
12.6999998092651,1960,19.1749992370605,1619,"BENA BENA",-6.093,145.532,"AL",18.9,"175",9.25925925925926
16.3999996185303,3563,22.1166667938232,834,"GAINJ",-5.274,144.762,"H-HL",19.5,"82.1",4.21025641025641
11.5,2210,17.966667175293,1828,"FORE (SOUTH)",-6.656,145.544,"HH",19.9,"152",7.63819095477387
9.10000038146973,2158,15.3874998092651,2258,"SIANE",-6.1,145.246,"HL",21,"204",9.71428571428571
12.3999996185303,2583,18.2749996185303,1674,"MARING(KAUW)",-5.465,144.636,"HL",22.3,"460",20.627802690583
9,2939,15.5583333969116,2174,"IMBONGGU",-6.136,144.029,"AL",23,"124",5.39130434782609
9,2606,15.6708335876465,2185,"KAUGEL",-5.964,144.029,"AL",23.2,"319",13.75
20.7000007629395,1896,25.9916667938232,193,"ARAPESH(BUMB)",-3.644,142.876,"SH-H",24,"165.3",6.8875
22.7000007629395,3506,26.8374996185303,20,"WAROPEN",-2.256,136.526,"SF",25.8,"700",27.1317829457364
10.3000001907349,2801,16.3041667938232,2066,"WOLA",-6.14,143.364,"HL",25.8,"133.9",5.18992248062016
13.3000001907349,2543,18.9833335876465,1500,"DANI(BOKONDINI)",-3.671,138.647,"AL",26.1,"200",7.66283524904215
20.7000007629395,2469,25.0541667938232,314,"AU",-3.529,142.109,"SH-H",26.9,"202",7.5092936802974
12.5,2624,18.5,1673,"ENGA(RAIAPU SAKA",-5.57,144.101,"AL",28.4,"350",12.3239436619718
13,1984,19.4874992370605,1631,"GAHUKU GAMA",-6.044,145.383,"HL",28.6,".",NA
11.1999998092651,2212,17.6916675567627,1883,"FORE (NORTH)",-6.512,145.596,"HL",29.4,"256",8.70748299319728
11.6000003814697,2581,17.3291664123535,1830,"WAHGI (NORTH",-5.722,144.799,"AL",29.6,"151",5.10135135135135
20,1888,25.1458339691162,350,"WAM",-3.53,142.877,"HH",29.7,"254",8.55218855218855
13.6999998092651,4694,18.8083324432373,1584,"NGALUM",-4.862,140.604,"HL",29.8,"85",2.85234899328859
14.6999998092651,2874,20.4208335876465,1234,"GENDE",-5.686,145.174,"H-HL",30.3,"447",14.7524752475248
10.8999996185303,3398,17.2958335876465,1911,"KEWA(EAST)",-6.343,143.934,"AL",30.8,"162",5.25974025974026
12.6000003814697,3198,19.3500003814697,1390,"WIRU",-6.351,144.216,"H-HL",32.1,"416.7",12.981308411215
10.3000001907349,2946,16.6958332061768,2014,"ANGANEN",-6.241,143.583,"AL",32.7,".",NA
12.3999996185303,2093,18.9291667938232,1591,"GADSUP(AKUNA)",-6.357,145.946,"HL",33.2,"269",8.10240963855422
11.3000001907349,2482,17.5750007629395,1888,"WAHGI (SOUTH",-5.99,144.753,"AL",33.6,"450",13.3928571428571
14.1000003814697,3198,19.9583339691162,1353,"MARING(TSEM)",-5.377,144.644,"HL",34.4,"280",8.13953488372093
12,3824,17.5041656494141,1769,"OKSAPMIN",-5.233,142.115,"HL",34.7,"175",5.04322766570605
10.1999998092651,2181,16.625,1986,"USARUFA",-6.397,145.631,"HL",36.1,"197",5.45706371191136
14.1000003814697,2066,20.3583335876465,1661,"DANI (DUGUM)",-4.096,138.946,"AL",38.2,"340",8.90052356020942
22.2999992370605,2308,27.1000003814697,61,"NIMBORAN",-2.593,140.187,"SH-H",38.6,"",NA
12.1000003814697,2155,18.5791664123535,1694,"GURURUMBA",-5.965,145.267,"AL",40.9,"238",5.81907090464548
13.3999996185303,3327,19.1916675567627,1587,"KAPAUKU",-4.054,136.083,"AL",41,"176",4.29268292682927
9.5,2709,16.1791667938232,2200,"MENDI(SOUTH)",-6.05,143.662,"AL",41.9,"321",7.66109785202864
20.1000003814697,1843,25.591667175293,285,"ARAPESH(KAB)",-3.646,143.194,"HL",43.4,"191.2",4.40552995391705
14.3000001907349,3432,20.4208335876465,1228,"ENGA(RAIAPU LAI)",-5.556,144.155,"AL",43.8,"225",5.13698630136986
20.7999992370605,1890,26.2708339691162,140,"ARAPESH(ILAH",-3.682,142.939,"HL",44.2,"503",11.3800904977376
10.3999996185303,2466,16.2916660308838,2175,"KALAM",-5.265,144.584,"HL",48.8,"44",0.901639344262295
5.59999990463257,3155,11.1833333969116,3109,"DANI (WEST)",-3.776,138.222,"HL",49.1,"155",3.15682281059063
11.5,2178,17.9291667938232,1860,"YAGARIA",-6.331,145.384,"HL",55.2,"244",4.42028985507246
11,2479,17.0125007629395,1934,"MELPA (NORTH",-5.616,144.298,"AL",55.9,"151",2.70125223613596
11.8999996185303,2121,18.4458332061768,1724,"YATE",-6.317,145.543,"HL",56.6,"234.4",4.14134275618375
12.1000003814697,2960,17.9791660308838,1817,"HULI (TOANDA",-5.935,142.96,"AL",58.5,"500",8.54700854700855
12.1999998092651,2568,18.6458339691162,1718,"MELPA (CENTR",-5.858,144.236,"AL",59.5,"264",4.43697478991597
10.6000003814697,2212,17.1041660308838,1995,"CHIMBU (UPPE",-5.9,145.052,"AL",61.3,"459",7.48776508972268
20.5,1838,26.0041675567627,201,"ABELAM(CENT)",-3.632,143.055,"HL",61.5,"326",5.30081300813008
21,1936,26.6000003814697,107,"ABELAM(NWOS)",-3.754,142.993,"AL",64.6,"246",3.80804953560372
14.3000001907349,3284,20.3999996185303,1298,"ENGA (KYAKA)",-5.521,144.119,"AL",70.1,"330",4.70756062767475
10.6000003814697,2238,16.9166660308838,2055,"CHUAVE",-6.165,145.139,"AL",71.4,"211",2.95518207282913
20.2999992370605,1825,25.841667175293,231,"BOIKEN(NYANG",-3.656,143.296,"HL",73.3,"163",2.2237380627558
10.8000001907349,2874,17.3999996185303,1808,"MENDI(MAP)",-6.093,143.629,"AL",78.1,"302.5",3.87323943661972
7.09999990463257,2316,13.3583335876465,2576,"CHIMBU (CENT",-5.922,144.976,"AL",81.2,"415",5.11083743842365
11.6999998092651,2367,18.1833324432373,1767,"SINASINA",-6.071,145.032,"AL",104,"405.3",3.89711538461538
9,2663,15.3000001907349,2247,"ENGA (MAE)",-5.456,143.691,"AL",111.7,"350",3.13339301700985
